ID,Sender ID,Cl ID,Status,Created At,Updated At,Sender ID Type
1,Mikeberg,1,unblock,2020-04-16T10:45:49Z,2020-04-16T12:02:03Z,sms
2,BERG,1,unblock,2020-04-16T13:19:06Z,2020-04-16T13:19:33Z,sms
4,AUNTY NAANA,1,unblock,2020-05-25T11:44:21Z,2020-07-09T04:38:26Z,sms
5,Gbedi,1,unblock,2020-05-25T12:10:39Z,2020-05-25T12:10:39Z,email
6,Bitlogic,1,unblock,2020-05-25T12:13:50Z,2020-05-25T12:13:50Z,email
8,Eric,9,unblock,2020-06-03T08:42:58Z,2020-06-03T08:44:43Z,sms
10,EvaDBay,17,unblock,2020-06-17T10:16:34Z,2020-06-17T10:20:12Z,sms
11,ChildV2,17,unblock,2020-06-17T10:20:50Z,2020-06-17T10:22:57Z,sms
12,EvaDBay,1,unblock,2020-06-17T10:47:44Z,2020-06-17T10:48:02Z,sms
14,RENT-2-OWN,1,unblock,2020-07-06T05:54:47Z,2020-07-06T06:09:47Z,sms
19,1GAD,26,unblock,2020-07-15T11:41:20Z,2020-07-15T12:03:03Z,sms
21,Nestle,33,unblock,2020-07-16T10:55:42Z,2020-07-16T10:58:05Z,sms
22,CFSC GH,35,unblock,2020-07-30T10:41:32Z,2020-07-30T10:44:17Z,sms
28,Graidup app,34,unblock,2020-08-03T07:35:11Z,2020-08-03T07:38:02Z,sms
29,DixonTech,36,unblock,2020-08-05T03:19:50Z,2020-08-05T13:47:51Z,sms
30,Nestle,35,block,2020-08-08T09:15:40Z,2021-07-07T11:06:38Z,sms
31,SalemFamily,38,unblock,2020-08-12T03:19:07Z,2020-08-12T03:21:00Z,sms
32,SPAMIC,38,unblock,2020-08-12T03:23:50Z,2020-08-12T03:28:05Z,sms
33,SOIS,38,unblock,2020-08-12T03:26:06Z,2020-08-12T03:28:33Z,sms
34,SALEMSCHOOL,38,unblock,2020-08-12T03:36:57Z,2020-08-12T03:37:37Z,sms
35,MIN-DIGITAL,38,unblock,2020-08-12T03:42:39Z,2020-08-12T03:43:15Z,sms
36,MARRIAGE,38,unblock,2020-08-12T03:46:17Z,2020-08-12T03:48:44Z,sms
37,MARRIAGE_CL,38,unblock,2020-08-12T03:46:29Z,2020-08-12T03:49:01Z,sms
38,SalemGlobal,38,unblock,2020-08-12T03:46:50Z,2020-08-12T03:49:16Z,sms
39,SalemGhana,38,unblock,2020-08-12T03:47:16Z,2020-08-12T03:49:28Z,sms
40,Bsp_Israel,38,unblock,2020-08-12T03:47:52Z,2020-08-12T03:49:38Z,sms
41,Bishop_Eze,38,unblock,2020-08-12T03:48:09Z,2020-08-12T03:49:49Z,sms
42,NIA,37,unblock,2020-08-12T09:59:33Z,2020-08-12T10:05:58Z,sms
43,Kwami Baidoo,40,unblock,2020-08-14T09:25:33Z,2020-08-14T09:25:33Z,email
44,CWC,39,unblock,2020-08-14T12:18:30Z,2020-08-14T12:18:30Z,sms
45,TXTCONNECT,43,unblock,2020-08-19T08:53:32Z,2020-08-19T08:53:32Z,sms
46,ForrMe GH,44,unblock,2020-08-19T09:04:01Z,2020-08-19T09:04:01Z,sms
48,Bossman,43,unblock,2020-08-19T11:06:14Z,2020-08-19T11:08:29Z,sms
49,EliteRyde,36,unblock,2020-08-22T10:42:50Z,2020-10-12T11:24:39Z,sms
51,NIA,4,unblock,2020-08-24T13:14:17Z,2020-08-24T13:14:17Z,sms
52,OMANFIELDS,47,unblock,2020-09-02T08:10:08Z,2020-09-02T08:14:30Z,sms
54,txt connect,45,unblock,2020-09-03T09:33:25Z,2020-09-03T09:34:39Z,sms
56,Mnotify,13,unblock,2020-09-04T04:14:32Z,2020-09-04T04:14:54Z,sms
57,MealPlanner,59,unblock,2020-09-10T00:55:22Z,2020-09-10T01:27:50Z,sms
58,txt connect,13,unblock,2020-09-10T04:32:45Z,2020-09-10T04:33:08Z,sms
59,Ha Ha Decor,5594,unblock,2020-09-16T11:40:23Z,2020-09-16T11:41:01Z,sms
60,AppiahDankw,61,unblock,2020-09-22T06:44:26Z,2020-09-22T06:48:21Z,sms
61,txt connect,5613,unblock,2020-09-22T09:11:55Z,2020-10-12T11:25:06Z,sms
62,test-txtcon,13,unblock,2020-09-23T07:02:04Z,2020-09-23T07:03:56Z,sms
63,BC GHANA,5616,unblock,2020-10-02T11:19:33Z,2020-10-02T11:21:35Z,sms
65,MikeBerg,5613,unblock,2020-10-05T14:59:47Z,2020-10-05T15:00:57Z,sms
66,Nivea_GH,5617,unblock,2020-10-07T09:25:52Z,2020-10-07T09:33:59Z,sms
67,Accra Area,5623,unblock,2020-10-08T11:15:14Z,2020-10-08T11:16:45Z,sms
70,NARH-BITA C,5626,unblock,2020-10-09T09:30:32Z,2020-10-09T09:33:05Z,sms
71,AtoChemist,5627,unblock,2020-10-09T10:50:48Z,2020-10-09T10:57:11Z,sms
72,SamahChemis,5627,unblock,2020-10-09T10:51:05Z,2020-10-09T10:57:34Z,sms
73,CSAllotPhar,5627,unblock,2020-10-09T10:51:17Z,2020-10-09T10:57:58Z,sms
74,WorldViewPh,5627,unblock,2020-10-09T10:51:29Z,2020-10-09T10:58:20Z,sms
75,NyahoMedCen,5627,unblock,2020-10-09T10:51:43Z,2020-10-09T10:58:44Z,sms
76,NockChemist,5627,unblock,2020-10-09T10:51:56Z,2020-10-09T10:59:10Z,sms
77,TRUSTHOSP,5627,unblock,2020-10-09T10:52:11Z,2020-10-09T10:59:33Z,sms
78,GRATITUDE,5627,unblock,2020-10-09T10:52:23Z,2020-10-09T11:00:00Z,sms
79,IPHARM,5627,unblock,2020-10-10T15:46:44Z,2020-10-10T16:22:40Z,sms
81,UElections,5636,unblock,2020-10-12T11:21:02Z,2020-10-12T11:22:45Z,sms
82,AIM,5637,unblock,2020-10-13T15:47:24Z,2020-10-13T15:48:40Z,sms
83,Samsung GH,55,unblock,2020-10-14T12:42:30Z,2020-10-14T13:09:59Z,sms
84,Eva,17,unblock,2020-10-14T13:36:45Z,2020-10-14T13:37:44Z,sms
85,GCBBANK ACC,5623,unblock,2020-10-16T09:37:26Z,2020-10-16T09:38:14Z,sms
86,ACI ADENTA,49,unblock,2020-10-19T13:40:36Z,2020-10-19T13:41:12Z,sms
87,SHealthy,48,unblock,2020-10-20T12:03:52Z,2020-10-20T12:05:48Z,sms
88,Infosource,5646,unblock,2020-10-20T13:12:05Z,2020-10-20T13:13:48Z,sms
89,VALIFE,53,unblock,2020-10-21T14:22:26Z,2020-10-21T14:23:49Z,sms
90,La Cocina,5628,unblock,2020-10-22T08:13:49Z,2020-10-22T08:14:35Z,sms
92,FAITHMVMNT,5648,unblock,2020-10-22T09:05:15Z,2020-10-22T09:13:34Z,sms
93,PROPHERIC,5648,unblock,2020-10-22T09:05:30Z,2020-10-22T09:13:49Z,sms
94,FAITH MVMNT,5648,unblock,2020-10-22T09:05:46Z,2020-10-22T09:14:04Z,sms
95,FAITH MOVEM,5648,unblock,2020-10-22T09:06:11Z,2020-10-22T09:14:20Z,sms
96,PROPH ERIC,5648,unblock,2020-10-22T09:06:25Z,2020-10-22T09:13:13Z,sms
97,CocoaAwards,5649,unblock,2020-10-23T08:30:12Z,2020-10-23T08:38:27Z,sms
98,GH COCOA AW,5649,unblock,2020-10-23T08:31:43Z,2020-10-23T08:38:45Z,sms
99,GCA2020,5649,unblock,2020-10-23T08:33:02Z,2020-10-23T08:39:03Z,sms
100,KPGM,5649,unblock,2020-10-23T08:33:29Z,2020-10-23T08:39:19Z,sms
101,UBERGURU,5649,unblock,2020-10-23T08:34:16Z,2020-10-23T08:39:33Z,sms
102,Infosource,5646,unblock,2020-10-26T06:32:10Z,2020-10-26T06:32:57Z,sms
103,Shedike,8713,unblock,2020-10-28T08:17:38Z,2020-10-28T08:19:08Z,sms
104,ICGCTANTRA,51,unblock,2020-10-29T17:58:31Z,2020-10-29T18:01:54Z,sms
105,Four Point,7878,unblock,2020-10-29T19:43:46Z,2020-10-29T20:51:25Z,sms
106,Meeting,7878,unblock,2020-10-29T19:58:32Z,2020-10-29T20:50:06Z,sms
107,Flight Update,7878,unblock,2020-10-29T19:59:08Z,2020-10-29T19:59:08Z,email
108,GOCARD,50,unblock,2020-11-02T14:47:54Z,2020-11-02T14:50:02Z,sms
109,MJ STORES,7878,unblock,2020-11-03T05:06:31Z,2020-11-03T05:12:21Z,sms
110,CARBTEC,8525,unblock,2020-11-03T07:23:07Z,2020-11-03T07:25:27Z,sms
111,Rabito,6630,unblock,2020-11-04T13:00:10Z,2020-11-04T13:02:03Z,sms
114,Testing,6387,unblock,2020-11-06T13:36:29Z,2020-11-09T12:26:09Z,sms
115,RoyalDiadem,9144,unblock,2020-11-07T15:15:04Z,2020-11-09T08:12:02Z,sms
116,CEM CHURCH,7105,unblock,2020-11-09T14:15:22Z,2020-11-09T14:16:34Z,sms
117,YART,9130,unblock,2020-11-10T14:59:10Z,2020-11-10T15:46:41Z,sms
118,Yart Service Station,9130,unblock,2020-11-10T15:00:10Z,2020-11-10T15:00:10Z,email
119,TEAM ASENSO,9283,unblock,2020-11-10T17:10:56Z,2020-11-10T17:12:34Z,sms
120,NPP BANTAMA,9283,unblock,2020-11-10T17:16:09Z,2020-11-10T17:18:48Z,sms
121,ASENSO,9283,unblock,2020-11-10T17:17:28Z,2020-11-10T17:20:18Z,sms
122,AplkDistYPG,7546,unblock,2020-11-12T10:55:03Z,2020-11-12T11:53:53Z,sms
123,Nubuke,52,unblock,2020-11-12T12:07:25Z,2020-11-12T12:08:14Z,sms
125,GCBBANK ACC,13,unblock,2020-11-12T13:24:29Z,2020-11-12T13:24:54Z,sms
126,FEROX,9224,unblock,2020-11-12T15:20:59Z,2020-11-12T15:23:14Z,sms
127,FIDELIO,8945,unblock,2020-11-12T15:47:35Z,2020-11-12T15:48:36Z,sms
128,Rabito,13,unblock,2020-11-13T09:07:01Z,2020-11-13T09:07:48Z,sms
129,KENUSSPA,5618,unblock,2020-11-13T11:05:32Z,2020-11-13T11:06:04Z,sms
130,BWH,5618,unblock,2020-11-13T11:05:53Z,2020-11-13T11:06:19Z,sms
131,UncEboWhyte,9284,unblock,2020-11-15T12:57:52Z,2020-11-15T12:58:58Z,sms
132,Roverman,9284,unblock,2020-11-15T12:58:04Z,2020-11-15T12:59:31Z,sms
133,MrMrsNortey,9285,unblock,2020-11-17T09:06:21Z,2020-11-17T09:17:23Z,sms
134,MrMrsNortey,6221,unblock,2020-11-17T09:25:30Z,2020-11-17T09:28:14Z,sms
135,COSMO,6245,unblock,2020-11-17T10:47:35Z,2020-11-17T10:49:22Z,sms
136,JIREH EYE,9060,unblock,2020-11-17T18:20:20Z,2020-11-17T18:21:48Z,sms
137,PAUL ANSAH,47,unblock,2020-11-19T10:24:20Z,2020-11-19T10:26:59Z,sms
138,HKJ,26,unblock,2020-11-19T11:40:07Z,2020-11-19T11:41:03Z,sms
139,SPROG KIDS,9286,unblock,2020-11-19T14:36:17Z,2020-11-19T14:37:17Z,sms
141,BREKU BRC,5650,unblock,2020-11-20T09:24:19Z,2020-11-20T09:51:09Z,sms
142,ForexFocus,36,unblock,2020-11-22T15:21:41Z,2020-11-22T15:22:33Z,sms
143,OCEAN FARE,9030,unblock,2020-11-22T21:11:09Z,2020-11-23T03:47:03Z,sms
144,woodB,9287,unblock,2020-11-23T10:16:36Z,2020-11-23T10:17:36Z,sms
145,CHAIRMAN,47,unblock,2020-11-24T13:11:16Z,2020-11-24T13:14:06Z,sms
146,MARINA,8994,unblock,2020-11-24T14:13:10Z,2020-11-24T14:20:00Z,sms
147,SPAR-GH,47,unblock,2020-11-25T11:30:09Z,2020-11-25T11:32:40Z,sms
148,TEMA,5812,unblock,2020-11-25T12:34:33Z,2020-11-25T12:50:21Z,sms
149,NESPRESSO,8994,unblock,2020-11-25T12:49:40Z,2020-11-25T12:50:42Z,sms
150,ConsulRich,5996,unblock,2020-11-25T14:00:35Z,2020-11-25T14:01:31Z,sms
151,Landscom,42,unblock,2020-11-26T11:40:30Z,2020-11-26T11:41:03Z,sms
152,FOENA,1,unblock,2020-11-27T10:40:55Z,2020-11-27T10:43:06Z,sms
153,EliteRyde,9293,unblock,2020-11-29T13:39:13Z,2020-11-29T14:16:38Z,sms
154,KCREL,8785,unblock,2020-12-01T12:47:26Z,2020-12-01T12:48:05Z,sms
155,EMMANUEL AG(YOUTH MINISTRY),9280,unblock,2020-12-02T10:56:09Z,2020-12-03T06:35:07Z,sms
156,Climax W&P,9292,unblock,2020-12-03T06:47:37Z,2020-12-03T06:48:10Z,sms
157,CLIMAXLOANS,9292,unblock,2020-12-04T11:56:27Z,2020-12-04T11:58:18Z,sms
158,4%TODOMORE,9292,unblock,2020-12-04T12:11:40Z,2020-12-04T12:14:40Z,sms
159,CLIMAXPAY,9292,unblock,2020-12-04T15:23:37Z,2020-12-04T15:24:37Z,sms
160,NAPO2020,9115,unblock,2020-12-05T07:01:41Z,2020-12-05T07:04:08Z,sms
161,VoteJM2020,6704,unblock,2020-12-05T20:59:36Z,2020-12-05T21:00:53Z,sms
162,BTC SPORTS,6740,unblock,2020-12-06T07:01:39Z,2020-12-06T07:03:10Z,sms
163,SPROGKIDS,9286,unblock,2020-12-06T13:53:52Z,2020-12-06T13:57:18Z,sms
164,MAHAMA20,5900,unblock,2020-12-07T00:50:01Z,2020-12-07T03:40:03Z,sms
167,SAL,7717,unblock,2020-12-09T15:23:55Z,2020-12-09T15:25:05Z,sms
168,FIXIT,5618,unblock,2020-12-10T04:51:47Z,2020-12-10T05:10:15Z,sms
169,KIDDYRIFFIC,5618,unblock,2020-12-10T05:10:58Z,2020-12-10T06:50:27Z,sms
170,Team Asenso,9283,unblock,2020-12-11T11:54:02Z,2020-12-11T15:53:42Z,sms
171,IOUGHANA,6704,unblock,2020-12-12T12:17:58Z,2020-12-12T12:18:38Z,sms
172,37MPC YF,6544,unblock,2020-12-14T12:07:41Z,2020-12-14T12:08:46Z,sms
173,KIKHYPRO,5618,unblock,2020-12-16T05:12:49Z,2020-12-16T05:15:42Z,sms
174,ASASCO,6221,unblock,2020-12-16T13:49:19Z,2020-12-16T13:50:40Z,sms
175,GFA,5900,block,2020-12-16T19:55:57Z,2021-05-26T17:28:55Z,sms
176,YILO STAR,8169,unblock,2020-12-17T14:05:36Z,2020-12-17T14:09:15Z,sms
177,STCiasAfrik,8169,unblock,2020-12-17T14:06:56Z,2020-12-17T14:08:11Z,sms
178,YMP Ghana,8169,unblock,2020-12-17T14:07:20Z,2020-12-17T14:08:38Z,sms
179,CDClinic,8891,unblock,2020-12-17T15:25:00Z,2020-12-17T15:31:11Z,sms
180,STCias,8169,unblock,2020-12-17T22:54:16Z,2020-12-17T22:54:50Z,sms
181,AYC Update,8680,unblock,2020-12-18T15:47:48Z,2020-12-18T15:51:35Z,sms
182,AYC Reg.,8680,unblock,2020-12-18T15:53:55Z,2020-12-18T15:54:43Z,sms
183,AYC,8680,unblock,2020-12-18T15:54:29Z,2020-12-18T15:55:01Z,sms
185,MERRYXMASS,9292,unblock,2020-12-20T08:00:21Z,2020-12-20T08:06:14Z,sms
187,ComSSA-UPSA,8922,unblock,2020-12-20T21:47:51Z,2020-12-20T21:48:25Z,sms
188,ARBSPEAKS,9295,unblock,2020-12-21T10:05:11Z,2020-12-21T10:07:04Z,sms
191,iBrand Gh,9309,unblock,2020-12-22T07:40:10Z,2020-12-22T07:41:17Z,sms
192,txtghana,1,unblock,2020-12-22T08:23:34Z,2020-12-22T08:25:24Z,sms
193,Akuettehs,61,unblock,2020-12-22T10:46:35Z,2020-12-22T10:47:29Z,sms
194,Vet's Place,6116,unblock,2020-12-23T13:51:12Z,2020-12-24T04:58:33Z,sms
195,RIOHS,9311,unblock,2020-12-23T17:35:19Z,2020-12-23T18:00:52Z,sms
197,CYM,7222,unblock,2020-12-24T10:24:48Z,2020-12-24T10:25:36Z,sms
198,Hon. Asenso,9283,unblock,2020-12-24T20:45:45Z,2020-12-25T00:04:09Z,sms
199,INDOMIE,8261,unblock,2020-12-25T07:43:27Z,2020-12-25T07:44:23Z,sms
200,Leeford,6960,unblock,2020-12-25T09:33:17Z,2020-12-25T09:37:26Z,sms
201,GNA ADMIN,7284,unblock,2020-12-25T10:48:31Z,2020-12-25T10:51:01Z,sms
202,GhIE,7384,unblock,2020-12-25T11:25:38Z,2020-12-25T11:26:23Z,sms
203,MYLANDCON,8943,unblock,2020-12-27T12:50:32Z,2020-12-27T13:12:48Z,sms
204,MCONNECT,8943,unblock,2020-12-27T12:52:52Z,2020-12-27T13:13:03Z,sms
205,EBetGH,8849,unblock,2020-12-28T12:31:56Z,2020-12-28T12:32:41Z,sms
207,Graceville,8835,unblock,2020-12-30T03:57:58Z,2020-12-30T04:01:38Z,sms
208,TreeOfLife,8835,unblock,2020-12-30T03:58:52Z,2020-12-30T04:02:35Z,sms
209,CHAS,8835,unblock,2020-12-30T03:59:11Z,2020-12-30T04:03:10Z,sms
210,PCCI,6295,unblock,2020-12-31T13:44:30Z,2020-12-31T13:48:41Z,sms
211,PCCI FAMILY,6295,unblock,2020-12-31T13:53:59Z,2020-12-31T13:56:32Z,sms
212,PKKumor-MCE,8169,unblock,2021-01-01T07:22:35Z,2021-01-01T07:26:23Z,sms
213,NPP REG SEC,8169,unblock,2021-01-01T11:46:25Z,2021-01-01T12:02:52Z,sms
214,WoodBusket,9287,unblock,2021-01-01T14:00:05Z,2021-01-01T14:00:39Z,sms
215,Waterking,8415,unblock,2021-01-01T19:30:15Z,2021-01-01T19:30:49Z,sms
216,SCRIBE,6440,unblock,2021-01-04T08:22:36Z,2021-01-04T08:23:51Z,sms
217,GILLBT,6440,unblock,2021-01-04T08:24:01Z,2021-01-04T08:24:57Z,sms
218,Astolinks,5996,unblock,2021-01-05T09:17:33Z,2021-01-05T09:18:23Z,sms
219,ONUAFRANCIS,9318,unblock,2021-01-05T11:42:54Z,2021-01-05T11:43:27Z,sms
220,3SMS,8415,unblock,2021-01-05T23:58:53Z,2021-01-06T03:00:04Z,sms
221,RIOHS,6460,unblock,2021-01-06T18:07:17Z,2021-01-06T18:07:47Z,sms
222,U.S. TRAVEL,9305,unblock,2021-01-07T23:40:03Z,2021-01-08T04:43:09Z,sms
223,JanelexInt,8415,unblock,2021-01-08T11:20:41Z,2021-01-08T11:28:16Z,sms
224,VILAC,7135,unblock,2021-01-08T17:29:28Z,2021-01-08T17:38:25Z,sms
225,INTERVIEWME,9292,unblock,2021-01-11T05:50:58Z,2021-01-11T05:56:38Z,sms
226,MyCashBox,9089,unblock,2021-01-12T12:31:11Z,2021-01-12T12:33:19Z,sms
227,Equity-HI,9322,unblock,2021-01-13T11:11:59Z,2021-01-13T11:13:28Z,sms
229,BARBARA SCH,7567,unblock,2021-01-13T11:46:13Z,2021-01-13T11:47:13Z,sms
230,OPTION BUY,9323,unblock,2021-01-13T12:55:56Z,2021-01-13T12:58:42Z,sms
231,STALWART,9323,unblock,2021-01-13T12:56:57Z,2021-01-13T12:58:56Z,sms
232,TMRS Africa,7443,unblock,2021-01-15T13:27:44Z,2021-01-15T14:48:20Z,sms
233,NA Studios,7443,unblock,2021-01-15T14:01:19Z,2021-01-15T14:48:58Z,sms
234,HENRY KWAO,26,unblock,2021-01-18T09:26:10Z,2021-01-18T09:29:39Z,sms
235,LPMASTERS,8943,unblock,2021-01-18T16:19:13Z,2021-01-18T16:20:16Z,sms
236,AGBABUTIK,5618,unblock,2021-01-20T03:43:02Z,2021-01-20T04:08:33Z,sms
237,MARANATHA,8746,unblock,2021-01-21T09:49:42Z,2021-01-21T09:50:47Z,sms
238,TXT Testing,9287,unblock,2021-01-27T08:13:30Z,2021-01-27T11:02:19Z,sms
239,txtconnet,9287,unblock,2021-01-27T11:17:27Z,2021-01-27T11:23:16Z,sms
240,ComSSA-UPSA,8920,unblock,2021-02-01T22:54:47Z,2021-02-01T23:03:04Z,sms
241,ABYSHUB,5618,unblock,2021-02-04T09:08:53Z,2021-02-04T09:09:33Z,sms
242,545466796,4,unblock,2021-02-04T12:02:30Z,2021-02-04T12:25:20Z,voice
243,MERTON INT.,6748,unblock,2021-02-05T13:41:41Z,2021-02-05T13:42:55Z,sms
245,WRT,9331,block,2021-02-07T10:36:36Z,2021-05-07T16:43:59Z,sms
247,Remittance,9331,block,2021-02-07T10:39:31Z,2021-05-07T16:45:41Z,sms
248,2.33E+11,9287,unblock,2021-02-08T08:48:14Z,2021-02-08T09:03:36Z,voice
249,PerpoolGh,8785,unblock,2021-02-08T11:47:18Z,2021-02-08T11:56:40Z,sms
250,544338442,6387,unblock,2021-02-09T08:17:00Z,2021-02-09T08:22:48Z,voice
251,ComSSA-UPSA,8920,unblock,2021-02-11T20:24:01Z,2021-02-11T20:24:01Z,email
252,ICGC T.T,6689,unblock,2021-02-12T09:14:21Z,2021-02-12T09:14:40Z,sms
254,Maths/ICT,9338,unblock,2021-02-16T12:12:11Z,2021-02-16T12:14:39Z,sms
255,DALEX LOANS,9357,unblock,2021-02-17T11:49:07Z,2021-02-17T11:49:44Z,sms
256,G.P.H.A,9369,unblock,2021-02-19T20:19:33Z,2021-02-19T21:56:23Z,sms
257,UCC/WINNEBA,9370,unblock,2021-02-19T20:51:22Z,2021-02-19T21:06:39Z,sms
258,Ghana Ports,9369,block,2021-02-19T22:09:15Z,2021-06-02T14:57:35Z,sms
259,G. I. S.,9369,block,2021-02-20T16:46:13Z,2021-05-25T13:21:26Z,sms
260,G. A. F,9369,block,2021-02-21T18:03:21Z,2021-05-26T17:36:36Z,sms
261,WordReign,8258,unblock,2021-02-22T09:58:18Z,2021-02-22T09:59:26Z,sms
262,AIW,8258,unblock,2021-02-22T10:02:44Z,2021-02-22T10:11:14Z,sms
263,302972306,8258,unblock,2021-02-22T10:03:36Z,2021-02-23T14:05:13Z,voice
264,Roomy,9383,unblock,2021-02-22T15:10:38Z,2021-02-22T16:43:57Z,sms
265,headquarters@ghanaports.gov.gh,9369,block,2021-02-22T17:58:57Z,2021-06-02T14:56:46Z,email
266,303219140,9369,block,2021-02-22T20:27:48Z,2021-02-23T14:04:51Z,voice
267,CCF-KUC,9392,unblock,2021-02-23T03:54:34Z,2021-02-23T05:58:21Z,sms
268,Highlife,9393,unblock,2021-02-23T05:13:37Z,2021-02-23T05:58:38Z,sms
270,245075622,9407,block,2021-02-23T12:30:53Z,2021-02-23T14:03:56Z,sms
271,Siclife,9407,unblock,2021-02-23T12:31:19Z,2021-02-23T13:54:36Z,sms
272,1917,45,unblock,2021-02-23T13:59:59Z,2021-02-23T14:01:03Z,sms
273,242552198,45,unblock,2021-02-23T14:00:25Z,2021-02-23T14:00:49Z,sms
274,KTU Uni,9412,unblock,2021-02-23T14:33:24Z,2021-02-23T14:34:01Z,sms
275,دبي,9412,unblock,2021-02-23T15:42:23Z,2021-02-23T17:33:51Z,sms
278,Frizi,9417,unblock,2021-02-24T08:53:56Z,2021-02-24T08:54:49Z,sms
280,N L A Ghana,9419,block,2021-02-24T12:37:31Z,2021-06-02T14:55:19Z,sms
281,fofo,9418,unblock,2021-02-24T12:59:55Z,2021-02-24T13:02:26Z,sms
282,BombooWax,9418,unblock,2021-02-24T13:00:08Z,2021-02-24T13:02:51Z,sms
283,La_Cocina,5617,unblock,2021-02-24T18:13:42Z,2021-02-24T18:14:24Z,sms
284,TECH_SPOT,9379,unblock,2021-02-24T19:52:45Z,2021-02-25T08:07:59Z,sms
285,Techspot,9379,unblock,2021-02-24T19:55:20Z,2021-02-25T07:18:47Z,sms
286,TechSupport,9379,unblock,2021-02-24T20:02:24Z,2021-02-25T07:18:08Z,sms
287,folowap,9418,unblock,2021-02-25T08:18:37Z,2021-02-25T08:19:43Z,sms
288,SMS BONUS,9418,unblock,2021-02-25T08:19:21Z,2021-02-25T08:24:33Z,sms
289,FREE SMS,9423,unblock,2021-02-25T09:20:16Z,2021-02-25T09:21:15Z,sms
290,COMMSMS,9423,unblock,2021-02-25T09:28:06Z,2021-02-25T09:28:54Z,sms
294,G A F,9405,block,2021-02-25T12:10:18Z,2021-05-26T17:28:42Z,sms
296,CHARLESPHAN,9428,unblock,2021-02-25T13:21:10Z,2021-02-25T13:21:35Z,sms
297,PHANTA 1,9428,unblock,2021-02-25T13:25:18Z,2021-02-25T13:27:26Z,sms
298,fwp,9429,unblock,2021-02-25T14:23:05Z,2021-02-25T14:23:54Z,sms
302,ANSAH,9422,unblock,2021-02-26T00:23:15Z,2021-02-26T00:23:41Z,sms
303,556678851,9433,block,2021-02-26T02:52:11Z,2021-02-26T03:02:54Z,sms
304,ATTENTION,9433,unblock,2021-02-26T02:52:45Z,2021-02-26T03:03:21Z,sms
306,AKROTCO,9444,unblock,2021-02-26T06:07:16Z,2021-02-26T06:41:20Z,sms
308,MongoPay,9445,unblock,2021-02-26T07:42:45Z,2021-02-26T07:45:41Z,sms
310,PROMO MSG,9446,unblock,2021-02-26T08:56:13Z,2021-02-26T11:11:58Z,sms
311,Folo Wap,9447,unblock,2021-02-26T09:50:20Z,2021-02-26T09:50:54Z,sms
312,WCU BANK,9448,unblock,2021-02-26T11:32:56Z,2021-02-26T13:24:10Z,sms
313,WCU,9448,unblock,2021-02-26T11:39:16Z,2021-02-26T13:21:31Z,sms
314,FWP FREE,9449,unblock,2021-02-26T12:02:48Z,2021-02-26T12:03:21Z,sms
315,BOOSTSMS,9451,unblock,2021-02-26T13:12:00Z,2021-02-26T13:12:35Z,sms
316,XTRA BONUS,9453,unblock,2021-02-26T16:40:59Z,2021-02-26T16:41:50Z,sms
317,FOLWAP,9454,unblock,2021-02-26T17:19:00Z,2021-02-26T17:19:34Z,sms
318,Folowp FREE,9455,unblock,2021-02-26T18:05:11Z,2021-02-26T18:05:29Z,sms
319,N L A GHANA,9405,block,2021-02-26T18:16:51Z,2021-06-02T14:53:25Z,sms
320,BATCH SMS,9456,unblock,2021-02-26T18:17:37Z,2021-02-26T18:18:13Z,sms
321,CHURCH FREE,9457,unblock,2021-02-26T18:36:03Z,2021-02-26T18:36:52Z,sms
322,BULK FREE,9457,unblock,2021-02-26T18:42:36Z,2021-02-26T18:43:37Z,sms
323,folowap,9457,unblock,2021-02-26T18:47:38Z,2021-02-26T18:48:16Z,sms
324,folowap,9446,unblock,2021-02-26T19:43:11Z,2021-02-27T08:44:21Z,sms
325,folowapSMS,9446,unblock,2021-02-26T19:47:44Z,2021-02-26T19:53:27Z,sms
326,BULK-SMS,9446,unblock,2021-02-26T19:52:24Z,2021-02-26T19:52:54Z,sms
327,BANGBET,9459,unblock,2021-02-26T20:34:02Z,2021-02-26T20:34:34Z,sms
328,BANG-BET,9461,unblock,2021-02-27T06:11:36Z,2021-02-27T06:23:27Z,sms
329,Eziwrite,9462,unblock,2021-02-27T08:16:28Z,2021-02-27T08:37:49Z,sms
330,WEEKEND!!!,9453,unblock,2021-02-27T08:20:56Z,2021-02-27T08:21:23Z,sms
331,folowap WKD,9453,unblock,2021-02-27T08:21:34Z,2021-02-27T08:37:16Z,sms
332,FREE MSG,9464,unblock,2021-02-27T08:34:04Z,2021-02-27T08:36:07Z,sms
333,FREE PLAN,9464,unblock,2021-02-27T08:35:20Z,2021-02-27T08:36:45Z,sms
334,FREE PLAN,9465,unblock,2021-02-27T08:45:09Z,2021-02-27T08:45:51Z,sms
335,folowap,9466,unblock,2021-02-27T08:54:47Z,2021-02-27T08:55:07Z,sms
336,ST ANNE'S,9467,unblock,2021-02-27T10:51:04Z,2021-02-27T10:52:15Z,sms
337,GNAS,9424,unblock,2021-02-27T13:13:39Z,2021-02-27T13:14:13Z,sms
339,BANGBET,9468,unblock,2021-02-27T16:09:33Z,2021-02-27T16:40:09Z,sms
340,BangBet,9468,unblock,2021-02-27T16:27:23Z,2021-02-27T16:39:33Z,sms
341,BANGBET,9470,unblock,2021-02-27T21:02:16Z,2021-02-27T23:24:50Z,sms
342,BANG-BET,9470,unblock,2021-02-27T21:02:45Z,2021-02-27T23:24:22Z,sms
343,BangBet,9470,unblock,2021-02-27T21:03:19Z,2021-02-27T23:23:51Z,sms
344,BANGBET,9475,unblock,2021-02-28T11:13:30Z,2021-02-28T11:17:22Z,sms
346,BangBet,9475,unblock,2021-02-28T11:13:42Z,2021-02-28T11:16:36Z,sms
347,CHURCH SMS,9480,unblock,2021-02-28T12:58:19Z,2021-02-28T12:59:25Z,sms
348,CALDRIVA,9481,unblock,2021-02-28T15:17:58Z,2021-02-28T15:20:17Z,sms
349,BANGBET,9483,unblock,2021-02-28T19:46:38Z,2021-02-28T21:24:27Z,sms
351,BANG-BET,9483,unblock,2021-02-28T19:46:53Z,2021-02-28T20:01:01Z,sms
353,Habibz,9484,unblock,2021-02-28T22:33:48Z,2021-02-28T22:48:16Z,sms
354,TonzyGreets,9338,unblock,2021-02-28T22:58:12Z,2021-03-01T04:49:27Z,sms
355,sarpongr81@gmail.com,9338,block,2021-02-28T22:59:19Z,2021-03-01T04:56:09Z,email
356,BraTonzy,9338,unblock,2021-02-28T22:59:38Z,2021-03-01T04:47:56Z,sms
357,GMSA,9484,unblock,2021-02-28T23:01:37Z,2021-03-01T04:47:32Z,sms
358,2.33E+11,9338,block,2021-02-28T23:02:06Z,2021-03-01T04:49:02Z,voice
359,GMSA,9484,unblock,2021-02-28T23:01:33Z,2021-02-28T23:28:06Z,sms
360,2.33E+11,9338,unblock,2021-02-28T23:01:56Z,2021-02-28T23:26:49Z,voice
361,2.33E+11,9338,block,2021-02-28T23:01:04Z,2021-03-01T04:48:42Z,voice
362,243982595,9338,block,2021-02-28T23:02:29Z,2021-03-01T06:10:45Z,voice
363,folowap,9485,unblock,2021-02-28T23:53:06Z,2021-03-01T00:08:52Z,sms
364,BOOMBOWAX,9485,unblock,2021-02-28T23:53:20Z,2021-03-01T00:07:33Z,sms
365,TRANSITEXP,9485,unblock,2021-02-28T23:53:32Z,2021-03-01T00:08:09Z,sms
366,FP SMSBOX,9485,unblock,2021-02-28T23:57:18Z,2021-03-01T00:06:48Z,sms
367,BANGBET,9488,unblock,2021-03-01T06:07:57Z,2021-03-01T06:09:25Z,sms
368,BangBet,9488,unblock,2021-03-01T06:08:05Z,2021-03-01T06:10:15Z,sms
369,BANG-BET,9488,unblock,2021-03-01T06:08:13Z,2021-03-01T06:09:42Z,sms
370,GOLDFIELDS,9369,unblock,2021-03-01T17:13:37Z,2021-03-01T17:27:44Z,sms
374,folowap,9474,unblock,2021-03-01T20:41:49Z,2021-03-01T21:24:33Z,sms
375,KsTU,9491,unblock,2021-03-02T00:02:15Z,2021-03-02T02:06:22Z,sms
376,sender,9492,unblock,2021-03-02T02:12:38Z,2021-03-02T02:27:43Z,sms
377,sender12345,9492,unblock,2021-03-02T02:15:04Z,2021-03-02T02:28:06Z,sms
379,MOSA,9492,unblock,2021-03-02T02:32:44Z,2021-03-02T04:13:57Z,sms
380,ERG-MADRID,9495,unblock,2021-03-02T08:44:25Z,2021-03-02T08:52:26Z,sms
384,TSE-ADDO,9497,unblock,2021-03-02T10:48:05Z,2021-03-02T10:50:29Z,sms
386,Grit consult training,8785,unblock,2021-03-02T22:15:33Z,2021-03-02T22:15:33Z,email
387,UGPH2021,9500,unblock,2021-03-02T22:57:55Z,2021-03-02T22:59:00Z,sms
392,UGPH,9500,unblock,2021-03-02T23:11:44Z,2021-03-03T02:43:39Z,sms
397,Admin,9527,unblock,2021-03-09T12:38:59Z,2021-03-09T16:17:04Z,sms
398,Customer,9527,unblock,2021-03-09T12:40:06Z,2021-03-09T13:33:42Z,sms
399,Mgt,9527,unblock,2021-03-09T12:40:54Z,2021-03-09T13:31:52Z,sms
400,MIFDB,9527,unblock,2021-03-09T12:41:48Z,2021-03-09T12:42:17Z,sms
401,BOA,9527,unblock,2021-03-09T12:58:42Z,2021-03-09T13:29:59Z,sms
402,intl-BOA,9527,unblock,2021-03-09T13:22:24Z,2021-03-09T13:28:23Z,sms
403,FREE PLAN,9477,unblock,2021-03-09T15:40:40Z,2021-03-09T16:12:08Z,sms
404,WAPBOX,9477,unblock,2021-03-09T15:53:55Z,2021-03-09T16:11:35Z,sms
405,BOXMSG,9476,unblock,2021-03-09T23:05:17Z,2021-03-10T04:04:20Z,sms
406,1550,9476,block,2021-03-09T23:05:26Z,2021-03-11T13:51:28Z,sms
408,NL Verify,9570,block,2021-03-11T13:16:38Z,2021-05-26T17:38:32Z,sms
412,NL Verify,9572,block,2021-03-11T13:53:49Z,2021-05-26T17:38:31Z,sms
416,Grit,8785,unblock,2021-03-12T08:35:42Z,2021-03-12T08:49:00Z,sms
417,Grit Survey,8785,unblock,2021-03-12T08:40:57Z,2021-03-12T08:41:29Z,sms
420,GRA,9573,unblock,2021-03-12T10:56:53Z,2021-03-12T10:57:26Z,sms
422,txtconn,45,unblock,2021-03-12T15:16:25Z,2021-03-12T15:16:59Z,sms
425,WRimet,9575,unblock,2021-03-13T13:01:52Z,2021-03-13T13:02:32Z,sms
432,CASA APOSA,9510,unblock,2021-03-14T07:56:10Z,2021-03-14T13:06:05Z,sms
433,EllaLove,9510,unblock,2021-03-14T07:57:11Z,2021-03-14T13:02:16Z,sms
434,TMEC,6744,unblock,2021-03-14T12:28:33Z,2021-03-14T13:01:52Z,sms
442,BOCL,9331,unblock,2021-03-15T12:02:46Z,2021-03-15T12:52:27Z,sms
443,BidiCredit,9331,unblock,2021-03-15T12:03:26Z,2021-03-15T12:52:50Z,sms
445,N L A,9405,block,2021-03-16T14:00:55Z,2021-06-03T04:33:46Z,sms
450,GNFS,9424,unblock,2021-03-17T09:02:54Z,2021-03-17T22:28:32Z,sms
453,IIE/IET,6173,unblock,2021-03-18T14:17:03Z,2021-03-18T14:17:38Z,sms
455,Nestle GH,45,unblock,2021-03-19T11:19:26Z,2021-03-19T11:19:56Z,sms
457,ING  HAIZEL,7384,unblock,2021-03-19T19:15:49Z,2021-03-19T19:18:31Z,sms
458,ING BEMPONG,7384,unblock,2021-03-19T19:17:40Z,2021-03-19T20:40:23Z,sms
459,WISEBORN,7384,unblock,2021-03-19T19:19:46Z,2021-03-19T19:21:43Z,sms
461,BAOBAB PSC,9595,unblock,2021-03-21T13:00:21Z,2021-03-21T13:27:16Z,sms
462,SOLA GRATIA,9584,unblock,2021-03-21T13:06:53Z,2021-03-21T13:07:41Z,sms
463,G I S,9405,block,2021-03-21T15:42:33Z,2021-06-03T04:34:59Z,sms
466,244863416,9570,block,2021-03-22T07:37:59Z,2021-11-18T18:18:51Z,sms
467,123456,9596,unblock,2021-03-22T08:52:07Z,2021-03-22T09:16:02Z,voice
469,950,9570,block,2021-03-22T09:16:10Z,2021-11-18T18:18:18Z,sms
471,243943186,45,unblock,2021-03-22T11:15:39Z,2021-03-22T11:16:13Z,voice
472,Siclife,9598,unblock,2021-03-23T01:08:43Z,2021-03-23T05:22:20Z,sms
473,Bidvest,9598,unblock,2021-03-23T01:15:12Z,2021-03-23T05:19:34Z,sms
474,Helpline,9598,unblock,2021-03-23T01:16:14Z,2021-03-23T05:18:49Z,sms
475,245075622,9598,block,2021-03-23T01:16:48Z,2021-03-23T05:17:19Z,sms
476,GCB K'DUA,8264,unblock,2021-03-26T15:54:00Z,2021-03-26T17:45:54Z,sms
477,POKROM COC,9434,unblock,2021-03-27T18:20:21Z,2021-03-27T18:21:39Z,sms
478,19332356789,1,unblock,2021-03-27T21:16:11Z,2021-03-27T21:16:47Z,voice
479,FREEPLAN,9601,unblock,2021-03-28T11:14:41Z,2021-03-28T12:55:28Z,sms
480,MSG-GH,9602,unblock,2021-03-29T07:49:46Z,2021-03-29T07:52:50Z,sms
481,FLWAP,9603,unblock,2021-03-29T08:29:31Z,2021-03-29T08:30:00Z,sms
483,GCB K'NGO,8264,unblock,2021-03-29T14:22:23Z,2021-03-29T15:49:43Z,sms
484,GCB KADE,8264,unblock,2021-03-29T14:22:53Z,2021-03-29T15:51:13Z,sms
486,GCB NSAWAM,8264,unblock,2021-03-29T14:24:15Z,2021-03-29T15:48:11Z,sms
487,GCB ODA,8264,unblock,2021-03-29T14:25:15Z,2021-03-29T15:07:37Z,sms
488,GCB MPRAESO,8264,unblock,2021-03-29T14:26:09Z,2021-03-29T14:26:46Z,sms
489,GCB ANYINAM,8264,unblock,2021-03-29T14:26:25Z,2021-03-29T15:03:21Z,sms
490,GCB AS'KESE,8264,unblock,2021-03-29T14:26:54Z,2021-03-29T14:27:41Z,sms
491,GCB D'KROM,8264,unblock,2021-03-29T14:27:42Z,2021-03-29T14:28:00Z,sms
492,GCB JUASO,8264,unblock,2021-03-29T14:28:13Z,2021-03-29T15:02:53Z,sms
493,GCB AGOGO,8264,unblock,2021-03-29T14:28:39Z,2021-03-29T14:29:05Z,sms
494,GCB KIBI,8264,unblock,2021-03-29T14:29:35Z,2021-03-29T14:32:18Z,sms
495,GCB TAFO,8264,unblock,2021-03-29T14:29:50Z,2021-03-29T14:31:48Z,sms
496,GCB SUHUM,8264,unblock,2021-03-29T14:30:20Z,2021-03-29T14:31:09Z,sms
497,GCB NKAWKAW,8264,unblock,2021-03-29T14:31:07Z,2021-03-29T14:37:31Z,sms
498,GCB KDUA CT,8264,unblock,2021-03-29T14:32:46Z,2021-03-29T14:33:17Z,sms
499,PIZZA-SMS,9605,unblock,2021-03-30T08:32:05Z,2021-03-30T08:34:26Z,sms
502,sms,6765,unblock,2021-03-30T15:41:41Z,2021-03-31T10:09:15Z,sms
503,P.C.Int.,6765,unblock,2021-03-30T15:56:31Z,2021-03-30T15:58:27Z,sms
504,MamaRose,6765,unblock,2021-03-30T16:38:19Z,2021-03-30T16:42:12Z,sms
505,PEKI SHS,9609,unblock,2021-03-31T13:55:05Z,2021-03-31T13:59:12Z,sms
506,PHANTA 1 Tv,9428,unblock,2021-03-31T13:56:38Z,2021-03-31T13:57:12Z,sms
508,fWAP,9610,unblock,2021-03-31T16:39:59Z,2021-03-31T16:40:46Z,sms
509,AIRTIME,9608,unblock,2021-03-31T21:23:36Z,2021-04-01T03:23:38Z,sms
511,GIDEON,9584,unblock,2021-04-01T00:30:21Z,2021-04-01T00:41:17Z,sms
512,AIRTIME,9492,unblock,2021-04-01T05:28:53Z,2021-04-01T05:54:06Z,sms
513,WAPSMS,9611,unblock,2021-04-01T08:54:01Z,2021-04-01T09:15:08Z,sms
514,CONNECT,9611,unblock,2021-04-01T09:14:37Z,2021-04-01T09:16:34Z,sms
515,SMSLINK,9612,unblock,2021-04-01T09:35:34Z,2021-04-01T09:37:36Z,sms
516,folowap,9613,unblock,2021-04-01T10:51:29Z,2021-04-01T12:25:42Z,sms
517,SCHOOLMSG,9613,unblock,2021-04-01T11:12:12Z,2021-04-01T11:13:51Z,sms
518,Phanet,6809,unblock,2021-04-01T11:52:37Z,2021-04-01T12:06:32Z,sms
519,DCL,13,unblock,2021-04-02T07:18:53Z,2021-04-02T07:18:53Z,sms
520,JTA Ghana,8954,unblock,2021-04-02T15:01:09Z,2021-04-02T15:14:07Z,sms
521,CONNECT,9616,unblock,2021-04-04T11:49:52Z,2021-04-04T14:42:33Z,sms
522,BONUSPLAN,9616,unblock,2021-04-04T12:11:04Z,2021-04-04T14:42:01Z,sms
523,foloWAP,9618,unblock,2021-04-05T17:25:17Z,2021-04-05T17:32:25Z,sms
524,CONNECT,9618,unblock,2021-04-05T17:31:19Z,2021-04-05T17:33:53Z,sms
525,BULKPLAN,9619,unblock,2021-04-06T08:38:26Z,2021-04-06T08:39:19Z,sms
526,folowap,9619,unblock,2021-04-06T09:01:53Z,2021-04-06T10:19:21Z,sms
527,CONNECT,9619,unblock,2021-04-06T10:05:42Z,2021-04-06T10:06:14Z,sms
528,G.E.C -PEKI,9609,unblock,2021-04-07T04:58:51Z,2021-04-07T04:59:17Z,sms
529,GEC BLENGO,9609,unblock,2021-04-07T07:17:56Z,2021-04-07T07:18:31Z,sms
530,RTHOME,8873,unblock,2021-04-08T12:29:10Z,2021-04-08T12:29:56Z,sms
531,CONNECT,9623,unblock,2021-04-09T09:23:00Z,2021-04-09T09:25:08Z,sms
532,folowap,9623,unblock,2021-04-09T09:24:15Z,2021-04-09T09:26:57Z,sms
533,CONNECT,9624,unblock,2021-04-09T09:40:55Z,2021-04-09T09:49:05Z,sms
534,folowap,9624,unblock,2021-04-09T09:46:44Z,2021-04-09T09:50:57Z,sms
539,Purpose Chapel Int,9614,unblock,2021-04-09T12:44:26Z,2021-04-09T12:44:26Z,email
543,folowap,9631,unblock,2021-04-13T08:20:22Z,2021-04-13T08:23:33Z,sms
544,GNFS,9630,block,2021-04-13T09:35:31Z,2021-04-29T17:50:25Z,sms
546,Live peter,9625,unblock,2021-04-13T09:59:40Z,2021-04-13T10:05:19Z,sms
551,Trial,5996,unblock,2021-04-14T09:17:19Z,2021-04-14T09:17:53Z,sms
555,folowap,9633,unblock,2021-04-16T08:07:18Z,2021-04-16T09:16:08Z,sms
556,folowap,9634,unblock,2021-04-19T07:45:53Z,2021-04-19T08:54:35Z,sms
557,FREE PLAN,9634,unblock,2021-04-19T08:32:39Z,2021-04-19T08:55:54Z,sms
558,WAPSMS,9634,unblock,2021-04-19T08:36:42Z,2021-04-19T08:56:37Z,sms
559,BULKSMS,9635,unblock,2021-04-19T09:21:39Z,2021-04-19T09:22:52Z,sms
560,SMS,9635,unblock,2021-04-19T09:29:27Z,2021-04-19T09:30:08Z,sms
562,Ghana NLA,9622,block,2021-04-19T11:16:00Z,2021-04-19T13:39:23Z,sms
566,My CashBox,9089,block,2021-04-21T08:49:32Z,2021-06-09T10:15:56Z,sms
567,W_Remit,9331,block,2021-04-21T18:11:19Z,2021-05-07T16:42:15Z,sms
568,P. D.Chapel,9629,unblock,2021-04-23T13:21:49Z,2021-04-23T13:30:17Z,sms
572,P.Chapel,9629,unblock,2021-04-25T14:40:44Z,2021-04-25T14:46:30Z,sms
573,PLANSMS,9643,unblock,2021-04-26T08:18:21Z,2021-04-26T09:56:43Z,sms
574,NLA GH..,9583,block,2021-04-26T09:37:07Z,2021-04-26T09:58:36Z,sms
575,ARMY SERV,9583,block,2021-04-26T09:39:26Z,2021-04-26T10:41:47Z,sms
576,NLA PAYM...,9583,block,2021-04-26T09:42:31Z,2021-04-26T10:43:02Z,sms
577,SMS BONUS,9643,unblock,2021-04-26T09:44:57Z,2021-04-26T10:43:56Z,sms
578,NLA..,9583,block,2021-04-26T10:36:03Z,2021-04-26T10:45:39Z,sms
579,NLA..,9583,block,2021-04-26T10:36:03Z,2021-04-26T10:46:43Z,sms
580,NIA,45,unblock,2021-04-26T12:23:38Z,2021-04-26T12:26:43Z,sms
581,PMP Course,7384,unblock,2021-04-27T10:41:26Z,2021-04-27T10:59:58Z,sms
582,join.gis,9642,block,2021-04-29T06:02:42Z,2021-04-29T08:36:20Z,sms
583,Join.gis,9646,block,2021-04-29T06:58:01Z,2021-04-29T08:37:53Z,sms
584,join.gis.gh,9606,block,2021-04-29T08:11:04Z,2021-04-29T08:40:37Z,sms
587,Tech test,4,unblock,2021-04-29T08:48:39Z,2021-04-29T08:54:11Z,sms
589,REv Dickson,9629,unblock,2021-04-29T14:07:41Z,2021-04-29T14:08:22Z,sms
591,NLMobilePay,9622,block,2021-04-29T14:54:14Z,2021-04-29T15:42:27Z,sms
592,ACCOUNTANAT,9583,unblock,2021-04-30T04:11:19Z,2021-04-30T04:12:09Z,sms
593,PAYMENT DPT,9583,unblock,2021-04-30T04:13:24Z,2021-05-27T06:26:03Z,sms
594,ACCOUNTANT,9583,unblock,2021-04-30T04:16:30Z,2021-04-30T04:59:57Z,sms
595,MR OPOKU..,9583,unblock,2021-04-30T04:20:16Z,2021-04-30T04:59:25Z,sms
596,MRS GRACE,9583,unblock,2021-04-30T04:23:26Z,2021-04-30T04:58:52Z,sms
597,GEN.. OFORI,9583,unblock,2021-04-30T04:24:32Z,2021-04-30T04:58:22Z,sms
598,CHAMPIONS,8047,unblock,2021-04-30T08:41:12Z,2021-04-30T08:48:18Z,sms
599,Government,9091,block,2021-05-02T19:44:53Z,2021-05-03T04:45:45Z,sms
600,Government,9091,block,2021-05-02T19:44:53Z,2021-05-03T04:47:20Z,sms
601,LOYALTI,9405,unblock,2021-05-04T09:27:56Z,2021-05-04T11:46:09Z,sms
602,Ewe Danu,5636,unblock,2021-05-04T11:42:12Z,2021-05-04T11:43:06Z,sms
603,I.K MENSAH,17,unblock,2021-05-04T13:31:44Z,2021-05-04T13:34:05Z,sms
604,CANADA#APP,9292,unblock,2021-05-05T15:04:39Z,2021-05-05T15:15:43Z,sms
605,LB Services,5812,unblock,2021-05-07T07:16:14Z,2021-05-07T07:16:46Z,sms
606,La Cocina,9295,unblock,2021-05-07T13:37:45Z,2021-05-07T13:41:08Z,sms
607,mcini,9651,unblock,2021-05-07T13:43:12Z,2021-05-07T13:45:04Z,sms
608,Purpose Ch,9629,unblock,2021-05-08T08:26:29Z,2021-05-08T08:27:06Z,sms
611,folowap,9652,unblock,2021-05-08T16:03:35Z,2021-05-08T16:04:30Z,sms
612,WAPSMS,9652,unblock,2021-05-08T16:03:44Z,2021-05-08T16:06:12Z,sms
613,Remitly,9331,block,2021-05-09T13:14:53Z,2021-05-09T13:15:17Z,sms
614,W-R_T,9331,block,2021-05-09T13:15:53Z,2021-05-09T13:17:22Z,sms
615,Credit Card,9331,unblock,2021-05-09T13:17:15Z,2021-05-09T13:18:00Z,sms
616,REG DETAILS,9434,unblock,2021-05-10T10:28:54Z,2021-05-10T10:37:31Z,sms
617,Wave,9331,unblock,2021-05-10T10:33:23Z,2021-05-10T10:34:47Z,sms
618,MEETING,47,unblock,2021-05-11T14:08:57Z,2021-05-11T14:13:45Z,sms
619,CASA/APOSA,9338,unblock,2021-05-11T14:54:02Z,2021-05-11T15:37:10Z,sms
620,NLA-GHANA,9655,block,2021-05-11T15:16:49Z,2021-05-11T15:38:52Z,sms
622,N L A GHANA,9655,block,2021-05-11T15:46:27Z,2021-05-11T16:17:09Z,sms
623,GH NLA,9655,block,2021-05-11T15:49:57Z,2021-05-11T16:17:44Z,sms
624,Waterking,7393,unblock,2021-05-14T17:32:31Z,2021-05-14T17:43:39Z,sms
625,GNFS 2021,9642,block,2021-05-15T04:07:29Z,2021-05-15T04:52:25Z,sms
626,GIS 2021,9642,block,2021-05-15T04:07:57Z,2021-05-18T11:53:08Z,sms
627,GRA,9369,block,2021-05-17T20:57:30Z,2021-05-18T01:11:53Z,sms
628,GRA,9369,block,2021-05-18T11:05:00Z,2021-05-18T11:49:14Z,sms
629,CASTROLLSGH,8873,unblock,2021-05-18T11:46:30Z,2021-05-18T11:51:01Z,sms
630,GRA,9369,block,2021-05-18T11:59:36Z,2021-05-18T12:01:03Z,sms
631,GRA,9369,unblock,2021-05-18T12:00:08Z,2021-05-18T12:00:08Z,email
632,G.R.A,9369,block,2021-05-18T12:15:21Z,2021-05-18T12:33:51Z,sms
633,CEPS,9369,block,2021-05-18T13:38:01Z,2021-05-18T13:52:21Z,sms
634,Promotions,9369,unblock,2021-05-18T14:06:53Z,2021-05-18T14:07:25Z,sms
635,ceps,9369,block,2021-05-18T14:12:09Z,2021-05-18T17:35:20Z,sms
636,CUSTOMS,9369,unblock,2021-05-18T15:33:52Z,2021-05-18T17:42:50Z,sms
637,MTN_GH,9405,block,2021-05-21T02:53:03Z,2021-05-27T06:14:48Z,sms
638,M,9405,unblock,2021-05-21T02:54:50Z,2021-05-21T03:22:02Z,sms
639,GIS.2021,9657,block,2021-05-21T10:49:20Z,2021-05-21T11:08:22Z,sms
640,GNFS.2021,9657,block,2021-05-21T10:49:52Z,2021-05-21T10:50:28Z,sms
641,GNFS.2021,9657,block,2021-05-21T10:53:14Z,2021-05-21T10:56:43Z,sms
642,gis.gh.com,9657,block,2021-05-21T11:05:45Z,2021-05-21T11:06:53Z,sms
643,gis:info,9657,block,2021-05-21T11:07:39Z,2021-05-21T11:13:04Z,sms
644,GOODLUCK,9661,unblock,2021-05-24T08:32:13Z,2021-05-24T15:17:31Z,sms
646,KATH.,9662,unblock,2021-05-25T01:49:07Z,2021-05-25T01:50:11Z,sms
647,K.A.T.H.,9662,unblock,2021-05-25T01:53:09Z,2021-05-25T02:55:44Z,sms
648,G.A.F,9405,block,2021-05-26T18:17:25Z,2021-05-27T05:49:07Z,sms
649,G A F RE21,9405,block,2021-05-26T18:19:22Z,2021-05-27T05:55:58Z,sms
650,JOINGAF21,9405,block,2021-05-26T18:19:55Z,2021-05-27T05:53:20Z,sms
651,G A F 21,9405,block,2021-05-26T18:25:15Z,2021-05-26T18:58:11Z,sms
652,G.A.F,9405,block,2021-05-26T19:03:37Z,2021-05-27T05:50:56Z,sms
653,G A F GH,9405,block,2021-05-27T03:06:41Z,2021-05-27T04:39:03Z,sms
654,G.A.F,9405,block,2021-05-27T05:01:46Z,2021-05-27T05:46:46Z,sms
655,G.I.S,9369,block,2021-05-27T05:07:03Z,2021-05-27T05:30:31Z,sms
656,g.i.s,9369,block,2021-05-27T05:34:44Z,2021-05-27T05:44:25Z,sms
657,GAFRECRUIT,9405,block,2021-05-27T05:58:32Z,2021-05-27T06:11:46Z,sms
658,Ghh,9666,unblock,2021-05-27T06:53:45Z,2021-05-27T10:25:27Z,sms
659,G M S,9405,block,2021-05-27T07:00:11Z,2021-05-27T13:17:56Z,sms
660,GAFRE21,9667,block,2021-05-27T08:35:33Z,2021-05-27T13:08:20Z,sms
661,GIS ONLINE,9369,block,2021-05-27T11:09:29Z,2021-05-27T13:17:21Z,sms
662,GIS SMS,9369,block,2021-05-27T11:11:58Z,2021-05-27T13:15:33Z,sms
663,GAF21,9405,block,2021-05-27T12:21:40Z,2021-05-27T13:13:43Z,sms
664,GAF 21,9667,block,2021-05-27T18:21:19Z,2021-05-27T18:22:17Z,sms
665,SOGASCO PTA,5636,unblock,2021-05-29T09:57:10Z,2021-05-29T10:02:23Z,sms
666,G. I. S sms,9369,block,2021-05-29T11:10:47Z,2021-05-29T12:58:11Z,sms
667,GIShdqtrs,9369,block,2021-05-29T11:14:00Z,2021-05-29T13:56:55Z,sms
668,Wremit,9669,block,2021-05-29T11:31:32Z,2021-05-29T11:32:15Z,sms
669,Info.,9369,unblock,2021-05-29T19:24:02Z,2021-05-30T02:32:54Z,sms
670,GSS BONO,9305,unblock,2021-05-30T16:03:55Z,2021-05-31T03:01:13Z,sms
671,GSS  BONO,9670,unblock,2021-05-30T19:43:24Z,2021-05-31T03:01:41Z,sms
672,WATER BILL,8963,unblock,2021-05-31T07:27:07Z,2021-05-31T07:36:49Z,sms
673,VSV_GIDEON,8963,unblock,2021-05-31T07:31:03Z,2021-05-31T07:39:46Z,sms
674,GIDEON SUSU,8963,unblock,2021-05-31T07:31:58Z,2021-05-31T07:59:32Z,sms
675,MONTH BILL,8963,unblock,2021-05-31T07:33:04Z,2021-05-31T08:04:01Z,sms
676,RMQ,26,unblock,2021-05-31T09:18:53Z,2021-05-31T09:21:06Z,sms
677,VICTORY,8963,unblock,2021-05-31T09:23:16Z,2021-05-31T09:44:52Z,sms
678,ACHISCO '07,8169,unblock,2021-06-02T08:37:33Z,2021-06-02T08:38:16Z,sms
679,GhLottery,9570,block,2021-06-02T10:35:21Z,2021-06-03T04:31:48Z,sms
680,ASASCO-PTA,6221,unblock,2021-06-04T13:08:30Z,2021-06-04T13:37:25Z,sms
681,MAYFLOWER,6042,unblock,2021-06-07T12:36:25Z,2021-06-07T12:36:59Z,sms
682,THE LOTERY,9405,unblock,2021-06-08T13:25:00Z,2021-06-08T13:28:04Z,sms
683,LEAK-GAME,9405,unblock,2021-06-08T13:26:16Z,2021-06-08T13:34:42Z,sms
685,Samsung Ghana,55,unblock,2021-06-10T06:06:41Z,2021-06-10T06:06:41Z,email
686,Funeral TNX,8258,unblock,2021-06-10T13:41:46Z,2021-06-10T13:54:51Z,sms
687,NLA Lotto,9675,block,2021-06-11T01:56:18Z,2021-06-11T01:57:01Z,sms
688,GLA Lotto,9675,block,2021-06-11T02:13:03Z,2021-06-11T02:43:15Z,sms
689,NLA Lotto,9675,block,2021-06-11T06:08:46Z,2021-06-11T06:09:35Z,sms
690,Lotto GH,9675,unblock,2021-06-11T06:23:07Z,2021-06-11T06:37:36Z,sms
691,IDEALCreamy,45,unblock,2021-06-11T15:05:39Z,2021-06-11T15:10:47Z,sms
692,zabbix,13,unblock,2021-06-14T18:34:11Z,2021-06-14T18:36:18Z,sms
693,BONUSPLAN,9679,unblock,2021-06-17T10:09:56Z,2021-06-17T11:40:01Z,sms
694,SMS,9679,unblock,2021-06-18T07:31:05Z,2021-06-18T09:09:41Z,sms
695,expressPay,13,unblock,2021-06-18T09:08:09Z,2021-06-18T09:08:09Z,sms
696,EHPlacement,6740,unblock,2021-06-18T12:03:50Z,2021-06-18T12:03:50Z,email
697,EHPlacement,6740,unblock,2021-06-19T05:23:11Z,2021-06-19T05:33:27Z,sms
698,504973942,6740,block,2021-06-19T05:32:53Z,2021-06-19T05:37:21Z,voice
699,GMIF2021,8713,unblock,2021-06-21T12:31:45Z,2021-06-21T13:59:19Z,sms
700,GMIFSEP2021,8713,unblock,2021-06-21T12:33:23Z,2021-06-21T14:00:38Z,sms
701,GHANAMIF21,8713,unblock,2021-06-21T12:35:00Z,2021-06-21T14:02:23Z,sms
702,YES Kasoa,9684,unblock,2021-06-23T04:03:06Z,2021-06-23T04:27:17Z,sms
704,ONUAFRANCIS,9684,unblock,2021-06-23T04:04:30Z,2021-06-23T04:14:33Z,sms
705,StudyAbroad,6740,unblock,2021-06-24T07:35:24Z,2021-06-24T09:41:03Z,sms
706,WorkAbroad,6740,unblock,2021-06-24T07:36:17Z,2021-06-24T12:07:36Z,sms
707,Bringamcome,6559,unblock,2021-06-24T12:04:19Z,2021-06-24T12:10:39Z,sms
708,BringAmCome,6559,unblock,2021-06-24T12:06:03Z,2021-06-24T12:12:55Z,sms
709,6220,9615,unblock,2021-06-27T23:08:59Z,2021-06-28T01:19:17Z,voice
710,242353666,9685,unblock,2021-06-28T06:45:43Z,2021-06-28T06:51:52Z,voice
712,MSE Office,9685,unblock,2021-06-28T06:50:27Z,2021-06-28T07:06:35Z,sms
713,Micro & Sensors,9685,unblock,2021-06-28T06:55:06Z,2021-06-28T06:55:06Z,email
714,PMP Course,9686,unblock,2021-06-28T10:40:58Z,2021-06-28T10:41:22Z,sms
715,Nestle Gh,47,unblock,2021-06-30T07:08:19Z,2021-06-30T07:24:58Z,sms
716,IDEALCreamy,47,unblock,2021-06-30T08:06:57Z,2021-06-30T08:08:59Z,sms
717,NEWid,9690,unblock,2021-07-01T18:57:24Z,2021-07-02T02:17:46Z,sms
718,SEND,9691,unblock,2021-07-02T14:54:26Z,2021-07-02T16:26:10Z,sms
719,TEXT,9691,unblock,2021-07-02T14:57:25Z,2021-07-02T16:22:03Z,sms
720,Popout Stu,9690,unblock,2021-07-02T17:17:29Z,2021-07-03T02:13:56Z,sms
721,NDCGolfCity,8260,unblock,2021-07-07T08:30:55Z,2021-07-07T08:31:24Z,sms
722,Nestle,45,unblock,2021-07-07T10:09:59Z,2021-07-07T10:09:59Z,sms
723,Nestle GH,35,unblock,2021-07-07T11:02:31Z,2021-07-07T11:02:31Z,sms
724,543468679,8920,block,2021-07-07T13:35:51Z,2021-07-07T16:40:03Z,voice
725,SEND TXT,9692,unblock,2021-07-08T07:42:23Z,2021-07-09T16:46:18Z,sms
726,SMS CHURCH,9692,unblock,2021-07-08T07:43:12Z,2021-07-08T07:55:08Z,sms
727,2 Capsules,5627,unblock,2021-07-09T16:44:06Z,2021-07-09T16:44:31Z,sms
728,SMS-AE,9696,unblock,2021-07-12T08:45:34Z,2021-07-12T10:42:04Z,sms
729,FPMUMCARE,5618,unblock,2021-07-14T17:13:39Z,2021-07-14T18:39:52Z,sms
730,Prime Print,8883,unblock,2021-07-16T08:24:48Z,2021-07-16T10:15:36Z,sms
731,zeKoncept,8883,unblock,2021-07-16T08:29:19Z,2021-07-16T10:17:18Z,sms
732,Xcode,8415,unblock,2021-07-16T09:40:29Z,2021-07-16T09:46:53Z,sms
733,CDClinic,8891,unblock,2021-07-20T12:24:05Z,2021-07-20T14:12:22Z,sms
734,Ghana MICE Investment Forum 2021,8713,unblock,2021-07-24T15:40:12Z,2021-07-24T15:40:12Z,email
735,fwap,9702,unblock,2021-07-25T08:55:33Z,2021-07-25T09:09:00Z,sms
736,BULKFREE,9702,unblock,2021-07-25T09:07:22Z,2021-07-25T09:10:50Z,sms
737,COMPANY GH,9703,unblock,2021-07-28T09:45:04Z,2021-07-28T10:03:01Z,sms
738,CEF SCHOOL,6689,unblock,2021-07-28T11:38:18Z,2021-07-28T13:27:51Z,sms
739,YES Kasoa,8525,unblock,2021-08-04T14:10:32Z,2021-08-04T14:39:31Z,sms
740,Step Up Business School,9686,unblock,2021-08-07T15:10:57Z,2021-08-07T15:10:57Z,email
741,gis.alert,9706,block,2021-08-09T04:36:51Z,2021-08-09T08:26:29Z,sms
742,gis.entry,9706,block,2021-08-09T04:37:31Z,2021-08-09T08:25:29Z,sms
743,Bet. Odd,9707,unblock,2021-08-10T12:57:37Z,2021-08-10T15:58:51Z,sms
744,KASPERSKY,9711,unblock,2021-08-17T11:13:16Z,2021-08-17T12:07:01Z,sms
745,Bet.Odds,9594,unblock,2021-08-17T12:20:14Z,2021-08-28T03:54:59Z,sms
746,ATTENTION,9615,unblock,2021-08-17T12:59:23Z,2021-08-17T15:07:02Z,sms
747,AN OFFER,9615,unblock,2021-08-17T13:00:08Z,2021-08-17T15:06:31Z,sms
748,NOTICE,9615,unblock,2021-08-17T13:00:40Z,2021-08-17T15:06:00Z,sms
749,SportBet,9594,unblock,2021-08-18T06:30:55Z,2021-08-28T03:54:27Z,sms
750,Cert Sign,9615,unblock,2021-08-20T16:47:04Z,2021-08-20T17:21:34Z,sms
751,Sign UCC,9615,unblock,2021-08-20T16:47:50Z,2021-08-20T17:21:06Z,sms
752,CERT-UCC,9615,block,2021-08-20T16:52:39Z,2021-09-10T04:24:02Z,sms
753,CERTIFIED,9615,unblock,2021-08-20T17:02:17Z,2021-08-20T17:20:09Z,sms
754,SMNTC,9615,unblock,2021-08-20T22:29:18Z,2021-08-21T02:49:02Z,sms
755,UCC-CERT,9661,block,2021-08-21T07:25:07Z,2021-09-10T04:23:21Z,sms
756,SMNTC,9661,unblock,2021-08-21T07:25:56Z,2021-08-21T07:27:20Z,sms
757,gnfs.entry,9713,block,2021-08-22T14:21:35Z,2021-08-22T14:22:01Z,sms
758,GIS.ENTRY21,9713,block,2021-08-22T14:23:02Z,2021-08-22T14:23:26Z,sms
759,gnfs2021in,9713,block,2021-08-22T14:24:05Z,2021-08-22T14:24:29Z,sms
760,Yv,9706,unblock,2021-08-23T07:26:41Z,2021-08-23T07:27:14Z,sms
761,gnfs.int,9706,block,2021-08-23T07:29:22Z,2021-08-23T07:30:30Z,sms
762,in.gnfs,9706,block,2021-08-23T07:30:37Z,2021-08-23T07:31:49Z,sms
763,gis.entry,9706,block,2021-08-23T08:35:32Z,2021-08-23T08:35:54Z,sms
764,2021/2022,9706,unblock,2021-08-23T08:36:40Z,2021-08-24T07:46:05Z,sms
765,Entry.in,9706,block,2021-08-23T08:40:32Z,2021-09-10T04:22:35Z,sms
766,CERT-UCC,9440,block,2021-08-24T05:09:57Z,2021-09-10T04:22:03Z,sms
767,UCC-CERT,9440,block,2021-08-24T05:10:26Z,2021-09-10T04:21:37Z,sms
768,2021Port,9713,block,2021-08-24T07:39:59Z,2021-09-10T04:21:00Z,sms
769,Gis.portal,9713,block,2021-08-24T07:41:36Z,2021-09-10T04:20:23Z,sms
770,2021.Portal,9713,unblock,2021-08-24T07:43:44Z,2021-08-24T07:44:09Z,sms
771,US LOTTERY,9715,unblock,2021-08-25T07:11:10Z,2021-09-10T09:39:24Z,sms
772,Prime Print,9716,unblock,2021-08-26T13:28:05Z,2021-08-26T13:51:03Z,sms
773,zeKoncept,9716,unblock,2021-08-26T13:33:29Z,2021-08-26T13:50:21Z,sms
774,TeamVal(1),45,unblock,2021-08-27T11:03:23Z,2021-08-27T11:22:21Z,sms
775,TeamVal(1),6387,unblock,2021-08-27T11:06:56Z,2021-08-27T11:20:56Z,sms
776,Marqueen,9716,unblock,2021-08-30T14:43:40Z,2021-08-30T14:57:57Z,sms
777,Caesar Fam.,9718,unblock,2021-08-31T08:17:00Z,2021-08-31T08:17:21Z,sms
778,Guaman Tea,9721,unblock,2021-09-01T14:02:09Z,2021-09-01T14:37:17Z,sms
779,CWEC,7222,unblock,2021-09-02T10:41:19Z,2021-09-02T11:04:18Z,sms
780,YAHWEH TRAV,9715,unblock,2021-09-03T08:03:10Z,2021-09-03T08:04:54Z,sms
781,EDVES,9722,unblock,2021-09-06T10:53:14Z,2021-09-06T10:56:01Z,sms
782,EDVES,9724,unblock,2021-09-08T17:43:16Z,2021-09-08T17:46:36Z,sms
783,GNFS.Gov,9725,block,2021-09-10T03:24:02Z,2021-09-10T04:18:08Z,sms
784,Entry.gnfs,9725,block,2021-09-10T03:25:01Z,2021-09-10T04:18:33Z,sms
785,E-gnfs.Gov,9725,block,2021-09-10T03:27:45Z,2021-09-10T04:18:58Z,sms
786,GNFS.en21,9725,block,2021-09-10T03:40:49Z,2021-09-10T04:19:23Z,sms
787,ent.gnfs21,9726,block,2021-09-10T06:32:36Z,2021-09-10T08:56:50Z,sms
788,gnfs21gov,9726,block,2021-09-10T06:34:21Z,2021-09-10T08:55:22Z,sms
789,Govgnfs@21,9726,block,2021-09-10T06:55:51Z,2021-09-10T08:54:29Z,sms
790,GuamanTeas,9721,unblock,2021-09-10T12:52:13Z,2021-09-10T13:02:42Z,sms
791,USA PROGRAM,9715,unblock,2021-09-13T06:49:37Z,2021-09-13T07:49:33Z,sms
792,HAPPY B'DAY,9434,unblock,2021-09-13T16:15:31Z,2021-09-13T16:17:06Z,sms
793,KB CHARLES,9727,unblock,2021-09-16T06:42:56Z,2021-09-16T06:49:13Z,sms
794,PRYMAGE,9727,unblock,2021-09-16T06:48:37Z,2021-09-16T06:49:45Z,sms
795,FD YALLEY,9727,unblock,2021-09-16T06:49:03Z,2021-09-16T06:50:14Z,sms
796,CAN GOD ?,9727,unblock,2021-09-16T06:49:38Z,2021-09-16T06:50:43Z,sms
797,BRIDGE MIN,9727,unblock,2021-09-16T06:51:21Z,2021-09-16T06:52:25Z,sms
798,ELITE SERV,9727,unblock,2021-09-16T07:19:23Z,2021-09-16T07:20:14Z,sms
799,ASIAJOBS,9292,unblock,2021-09-20T08:55:55Z,2021-09-20T08:56:31Z,sms
800,OCEAN FARE,45,unblock,2021-09-20T10:02:40Z,2021-09-20T10:03:42Z,sms
801,GGS,7222,unblock,2021-09-21T06:18:10Z,2021-09-21T07:43:01Z,sms
802,Techie,9728,unblock,2021-09-27T09:56:00Z,2021-09-27T10:15:36Z,sms
803,US VISA,9292,unblock,2021-09-27T10:41:04Z,2021-09-27T11:10:09Z,sms
804,RAPID VISA,9292,unblock,2021-09-27T10:41:17Z,2021-09-27T11:10:02Z,sms
805,RabitoClnc,9729,unblock,2021-09-27T11:05:15Z,2021-09-27T11:08:59Z,sms
806,ICGC KIBI,9225,unblock,2021-09-29T03:43:14Z,2021-10-02T04:23:35Z,sms
807,ICGC KIBI,9225,unblock,2021-09-29T03:53:39Z,2021-10-02T04:24:04Z,sms
808,ICGC KIBI,9225,unblock,2021-09-29T03:53:40Z,2021-10-02T04:24:33Z,sms
809,ICGC KIBI,9225,unblock,2021-09-29T03:53:42Z,2021-10-02T04:22:51Z,sms
810,ICGC KIBI,9225,unblock,2021-09-29T03:53:43Z,2021-10-02T04:22:22Z,sms
811,ICGCLIBERTY,9730,unblock,2021-10-01T20:17:52Z,2021-10-02T04:21:52Z,sms
812,COSMOHEALTH,6245,unblock,2021-10-05T07:13:05Z,2021-10-05T12:02:06Z,sms
813,Unknown,9422,unblock,2021-10-07T00:50:07Z,2021-10-07T02:37:36Z,sms
814,MobilMoney,9422,block,2021-10-07T00:50:53Z,2021-10-07T02:38:06Z,sms
815,MobleMoney,9422,block,2021-10-07T01:00:38Z,2021-10-07T02:38:33Z,sms
816,JOHN BOADU,9732,unblock,2021-10-08T15:36:35Z,2021-10-08T16:16:27Z,sms
817,C Crabbe Co,9733,unblock,2021-10-13T12:30:06Z,2021-10-13T14:41:18Z,sms
818,KASPERSKY,9735,unblock,2021-10-15T09:02:35Z,2021-10-15T09:20:02Z,sms
819,YT FESTIVAL,8974,unblock,2021-10-15T09:51:54Z,2021-10-15T09:55:48Z,sms
820,CL Choir,9737,unblock,2021-10-18T08:31:13Z,2021-10-18T08:37:09Z,sms
821,Christline,9737,unblock,2021-10-18T08:35:01Z,2021-10-18T08:37:48Z,sms
822,JobsDotGo,9740,unblock,2021-10-21T08:31:20Z,2021-10-21T08:33:28Z,sms
823,CosmoHealth,6245,unblock,2021-10-22T07:51:53Z,2021-10-22T11:32:27Z,sms
824,GIS ePORTAL,9609,block,2021-10-22T11:07:21Z,2021-10-22T11:33:03Z,sms
825,GIS ePortal,9609,block,2021-10-22T11:14:52Z,2021-10-22T11:33:29Z,sms
826,GIS ePortal,9609,block,2021-10-22T11:36:05Z,2021-10-25T03:35:21Z,sms
827,Spaco SHS,9609,unblock,2021-10-22T12:58:24Z,2021-10-25T03:34:57Z,sms
828,M0BILEMONEY,9742,block,2021-10-24T19:52:21Z,2021-10-25T00:36:29Z,sms
829,ADB,9742,block,2021-10-25T03:18:26Z,2021-10-25T03:34:27Z,sms
830,DR MORTON,6967,unblock,2021-10-28T08:44:28Z,2021-10-28T08:47:00Z,sms
831,KNJ CONSULT,9743,unblock,2021-10-31T04:46:53Z,2021-10-31T04:50:51Z,sms
832,Join.gnfs21,9744,block,2021-10-31T09:09:48Z,2021-10-31T10:05:37Z,sms
833,Port.gnfs21,9744,block,2021-10-31T09:10:58Z,2021-10-31T10:05:14Z,sms
834,Join.gnfs21,9744,block,2021-10-31T09:13:33Z,2021-10-31T10:04:39Z,email
835,Join.gnfs21,9744,block,2021-10-31T09:14:23Z,2021-10-31T10:03:48Z,sms
836,Alertgnfs21,9744,block,2021-10-31T09:22:21Z,2021-10-31T10:03:19Z,sms
837,100,9742,block,2021-10-31T15:34:54Z,2021-10-31T15:37:14Z,sms
838,Uopeople,9745,unblock,2021-11-05T10:05:35Z,2021-11-05T10:13:45Z,sms
839,UoPeople,9745,unblock,2021-11-05T10:06:17Z,2021-11-05T10:13:16Z,sms
840,MobileMoney,9747,block,2021-11-06T20:39:13Z,2021-11-08T11:35:11Z,sms
841,Reviv Ghana,9746,unblock,2021-11-08T11:27:25Z,2021-11-08T11:34:45Z,sms
842,Laud,9749,unblock,2021-11-09T09:49:44Z,2021-11-09T09:50:38Z,sms
843,CASH UP,9747,block,2021-11-10T14:54:44Z,2021-11-10T14:59:23Z,sms
844,CILT Ghana,7397,unblock,2021-11-11T12:14:16Z,2021-11-11T12:16:45Z,sms
845,SESGH,9751,unblock,2021-11-12T11:08:57Z,2021-11-12T11:18:24Z,sms
846,TIAST GROUP,6390,unblock,2021-11-12T15:59:28Z,2021-11-12T16:00:54Z,sms
847,RACT BOOKS,6390,unblock,2021-11-12T18:39:51Z,2021-11-12T19:07:45Z,sms
848,NL-WN,9570,block,2021-11-13T15:50:16Z,2021-11-13T16:15:50Z,sms
849,NL-WN,9570,block,2021-11-13T18:04:48Z,2021-11-13T18:09:54Z,sms
850,NL-WN,9570,block,2021-11-13T18:06:53Z,2021-11-13T18:09:28Z,sms
851,NL,9753,block,2021-11-15T15:40:58Z,2021-11-18T18:19:51Z,sms
852,NL,9753,block,2021-11-15T15:41:17Z,2021-11-18T18:20:20Z,sms
853,CALVINI,7365,unblock,2021-11-17T14:48:03Z,2021-11-17T14:58:08Z,sms
854,NL,9754,block,2021-11-18T17:23:47Z,2021-11-18T18:20:49Z,sms
855,NK,9754,unblock,2021-11-18T17:24:08Z,2021-11-18T18:12:23Z,sms
857,admirador,8258,unblock,2021-11-23T18:55:17Z,2021-11-24T04:00:46Z,sms
858,SMS PLAN,9758,unblock,2021-11-23T20:45:30Z,2021-11-24T04:00:09Z,sms
859,SMS APP,9758,unblock,2021-11-23T20:45:55Z,2021-11-24T03:59:24Z,sms
860,GCBHOMARKET,9756,block,2021-11-23T23:06:14Z,2021-11-24T03:58:44Z,sms
861,GCBHOMARKET,9756,block,2021-11-25T00:52:43Z,2021-11-25T04:37:11Z,sms
862,24LOANHOMKT,9756,unblock,2021-11-26T00:40:31Z,2021-11-26T07:17:38Z,sms
863,PREDEX,9759,unblock,2021-11-27T23:06:52Z,2021-11-28T04:59:22Z,sms
864,FREE SMS,9760,unblock,2021-11-30T08:10:20Z,2021-11-30T08:11:56Z,sms
865,MESSAGES,9760,unblock,2021-11-30T08:10:30Z,2021-11-30T08:11:19Z,sms
866,XTRA BONUS,9762,unblock,2021-12-01T10:46:58Z,2021-12-01T10:49:43Z,sms
867,DAILY SMS,9762,unblock,2021-12-01T10:47:07Z,2021-12-01T10:50:07Z,sms
868,AfriGold,9761,unblock,2021-12-01T13:00:16Z,2021-12-01T13:08:42Z,sms
869,UoPeople,9440,unblock,2021-12-03T01:59:42Z,2021-12-03T04:24:26Z,sms
870,Ametepey,7710,unblock,2021-12-03T05:42:57Z,2021-12-03T07:29:15Z,sms
871,KRUM-PUB,5812,unblock,2021-12-03T13:21:53Z,2021-12-03T13:24:19Z,sms
872,AUTHENTIC,9754,unblock,2021-12-07T11:50:10Z,2021-12-07T11:55:20Z,sms
873,4RM SOURCE,9754,unblock,2021-12-07T11:51:32Z,2021-12-07T11:53:58Z,sms
874,594885468,9751,block,2021-12-08T09:20:44Z,2021-12-09T08:46:27Z,voice
875,ACCESS,9292,unblock,2021-12-09T08:29:26Z,2021-12-09T08:44:51Z,sms
876,Alert,9767,unblock,2021-12-09T09:47:02Z,2021-12-09T09:48:23Z,sms
877,Info.me,9767,unblock,2021-12-09T09:48:30Z,2021-12-10T10:59:13Z,sms
878,KANTANKA,9768,unblock,2021-12-10T10:20:10Z,2021-12-10T10:58:04Z,sms
879,OCEAN FARE,9287,unblock,2021-12-10T18:35:47Z,2021-12-10T18:36:57Z,sms
880,dra@gra.gov.gh,9369,unblock,2021-12-10T19:54:17Z,2021-12-10T19:54:17Z,email
881,Citifarmer,9770,unblock,2021-12-13T15:04:29Z,2021-12-13T15:10:17Z,sms
882,Brollimax,9718,unblock,2021-12-15T10:45:47Z,2021-12-15T11:51:06Z,sms
883,240835458,6390,block,2021-12-15T21:16:37Z,2021-12-16T05:38:56Z,voice
884,Vet's Place,6116,unblock,2021-12-17T16:13:06Z,2021-12-17T16:13:06Z,sms
885,MUSIGA,9309,unblock,2021-12-20T09:53:01Z,2021-12-20T09:53:01Z,sms
886,VOTE BEN,8920,unblock,2021-12-21T07:43:22Z,2021-12-21T07:43:22Z,sms
887,Naa Global,8954,unblock,2021-12-21T10:18:18Z,2021-12-21T10:18:18Z,sms
888,Naam Global,8954,unblock,2021-12-22T21:37:32Z,2021-12-22T21:37:32Z,sms
889,202000376,8258,block,2021-12-24T18:50:26Z,2021-12-24T18:50:26Z,sms
890,VCash,8258,block,2021-12-24T18:52:55Z,2021-12-24T18:52:55Z,sms
891,BOHYE ICT,9491,unblock,2021-12-25T07:10:05Z,2021-12-25T07:10:05Z,sms
892,BOHYETV-I.T,9491,unblock,2021-12-25T07:15:26Z,2021-12-25T07:15:26Z,sms
893,V.G.C,6390,unblock,2021-12-25T10:10:31Z,2021-12-25T10:10:31Z,sms
894,STELLAR,6390,unblock,2021-12-25T10:11:54Z,2021-12-25T10:11:54Z,sms
895,NRSA,6670,unblock,2021-12-25T11:41:19Z,2021-12-25T11:41:19Z,sms
896,RACT BOOKS,9773,unblock,2021-12-25T19:04:05Z,2021-12-25T19:04:05Z,sms
897,594885468,9751,unblock,2021-12-29T19:04:14Z,2021-12-29T19:04:14Z,voice
898,ATLANTIC,9292,unblock,2021-12-30T11:53:08Z,2021-12-30T11:53:08Z,sms
899,AUTHENTIC,9776,unblock,2022-01-01T13:28:42Z,2022-01-01T13:28:42Z,sms
900,4RM SOURCE,9776,unblock,2022-01-01T13:29:50Z,2022-01-01T13:29:50Z,sms
901,NL M-Pay,9777,block,2022-01-03T14:41:00Z,2022-01-03T14:41:00Z,sms
902,NL 950,9777,block,2022-01-03T14:42:11Z,2022-01-03T14:42:11Z,sms
903,NL M-Pay,9571,block,2022-01-03T15:36:40Z,2022-01-03T15:36:40Z,sms
904,NL notify,9777,block,2022-01-04T07:15:01Z,2022-01-04T07:15:01Z,sms
905,NL Pay,9777,block,2022-01-04T07:19:16Z,2022-01-04T07:19:16Z,sms
906,EL HOSTEL,8169,unblock,2022-01-04T11:12:27Z,2022-01-04T11:12:27Z,sms
907,F OFORI,9779,unblock,2022-01-05T12:09:00Z,2022-01-05T12:09:00Z,sms
908,F OFORI,9780,unblock,2022-01-05T12:17:39Z,2022-01-05T12:17:39Z,sms
909,SHOES SALES,9778,unblock,2022-01-05T13:35:37Z,2022-01-05T13:35:37Z,sms
910,R.N.Lolih,9780,unblock,2022-01-06T09:08:20Z,2022-01-06T09:08:20Z,sms
911,FRIKDOL VEN,9781,unblock,2022-01-11T11:41:26Z,2022-01-11T11:41:26Z,sms
913,FRIKDOL VENTURES,9781,unblock,2022-01-11T11:51:58Z,2022-01-11T11:51:58Z,email
914,FRIKDOL VENTURES,9781,unblock,2022-01-11T11:59:37Z,2022-01-11T11:59:37Z,email
915,DIXONAPP,8943,unblock,2022-01-15T19:19:43Z,2022-01-15T19:19:43Z,sms
916,Nestle GH,9287,unblock,2022-01-19T10:27:41Z,2022-01-19T10:28:24Z,sms
917,GHIS,9792,unblock,2022-01-25T12:37:19Z,2022-01-25T12:37:19Z,sms
918,RABITOKSI,6471,unblock,2022-01-28T10:01:50Z,2022-01-28T10:01:50Z,sms
919,RABITOKSI,6471,unblock,2022-01-28T10:07:25Z,2022-01-28T10:07:25Z,sms
920,MYTRIP,9292,unblock,2022-01-31T13:29:19Z,2022-01-31T13:29:19Z,sms
921,GIS.alert,9744,block,2022-01-31T17:29:34Z,2022-01-31T17:29:34Z,sms
922,Alert.gis,9744,block,2022-01-31T17:30:27Z,2022-01-31T17:30:27Z,sms
923,CILT Ghana,45,unblock,2022-02-01T08:12:30Z,2022-02-01T08:12:30Z,sms
924,tEST,9799,unblock,2022-02-01T11:05:34Z,2022-02-01T11:05:34Z,email
925,AUTOCAD,9800,unblock,2022-02-02T13:14:43Z,2022-02-02T13:14:43Z,sms
926,SESGH,9751,unblock,2022-02-03T11:17:23Z,2022-02-03T11:17:23Z,sms
927,HouseBuddy,9807,unblock,2022-02-09T08:58:02Z,2022-02-09T08:58:02Z,sms
928,Samsung 2,9801,unblock,2022-02-11T08:13:22Z,2022-02-11T08:13:22Z,sms
929,Nebitse,9771,unblock,2022-02-12T19:07:31Z,2022-02-12T19:07:31Z,sms
930,Great Homes,9807,unblock,2022-02-13T21:27:04Z,2022-02-13T21:27:04Z,sms
931,Habitatfair,9807,unblock,2022-02-13T21:28:37Z,2022-02-13T21:28:37Z,sms
932,gis.in,9812,block,2022-02-16T11:28:45Z,2022-02-16T11:28:45Z,sms
933,zeKoncept,9716,unblock,2022-02-16T15:16:47Z,2022-02-16T15:16:47Z,email
934,EKO ROOFING,9772,unblock,2022-02-16T15:29:45Z,2022-02-16T15:29:45Z,sms
935,Afreh Homes,9801,unblock,2022-02-16T15:29:46Z,2022-02-16T15:29:46Z,sms
936,gis.pro,9812,block,2022-02-17T06:37:29Z,2022-02-17T06:37:29Z,sms
937,gis.in,9812,block,2022-02-17T06:37:47Z,2022-02-17T06:37:47Z,sms
938,in.gis,9812,block,2022-02-17T06:38:35Z,2022-02-17T06:38:35Z,sms
939,Entry,9812,unblock,2022-02-17T06:39:15Z,2022-02-17T06:39:15Z,sms
940,gnfs.u,9812,block,2022-02-17T06:39:45Z,2022-02-17T06:39:45Z,sms
941,Congrats,9812,unblock,2022-02-17T06:40:17Z,2022-02-17T06:40:17Z,sms
942,Entry@,9812,unblock,2022-02-17T06:46:37Z,2022-02-17T06:46:37Z,sms
943,2.badge,9812,unblock,2022-02-17T06:51:15Z,2022-02-17T06:51:15Z,sms
944,LEAK-GAMES,9815,unblock,2022-02-18T19:22:45Z,2022-02-18T19:22:45Z,sms
945,NLA-GH,9815,block,2022-02-18T19:23:44Z,2022-02-18T19:23:44Z,sms
946,THE LOTTERY,9815,unblock,2022-02-18T19:24:12Z,2022-02-18T19:24:12Z,sms
947,NLA-ACCNT,9815,block,2022-02-18T19:26:49Z,2022-02-18T19:26:49Z,sms
948,NLA-ACCNT,9815,block,2022-02-18T19:26:51Z,2022-02-18T19:26:51Z,sms
949,REG-NLA,9815,block,2022-02-18T19:28:40Z,2022-02-18T19:28:40Z,sms
950,NLA5/90,9815,block,2022-02-18T19:37:08Z,2022-02-18T19:37:08Z,sms
951,Ac/NLA,9815,block,2022-02-18T19:38:10Z,2022-02-18T19:38:10Z,sms
952,TrinityYAF,61,unblock,2022-02-19T05:12:09Z,2022-02-19T05:12:09Z,sms
953,FLORENCE T.,9814,unblock,2022-02-21T12:37:13Z,2022-02-21T12:37:13Z,sms
954,WORKINDUBAI,9814,unblock,2022-02-21T12:55:21Z,2022-02-21T12:55:21Z,sms
955,WORKinDUBAI,9814,unblock,2022-02-21T12:58:53Z,2022-02-21T12:58:53Z,sms
956,u@gnfs22,9812,block,2022-02-22T09:37:38Z,2022-02-22T09:37:38Z,sms
957,Info.gis,9812,block,2022-02-22T09:38:41Z,2022-02-22T09:38:41Z,sms
958,Entra.gis,9812,block,2022-02-22T09:39:37Z,2022-02-22T09:39:37Z,sms
959,gnfs.tag,9812,block,2022-02-22T09:40:20Z,2022-02-22T09:40:20Z,sms
960,Tag.gis,9812,block,2022-02-22T09:40:37Z,2022-02-22T09:40:37Z,sms
961,Tag.gis,9812,block,2022-02-22T09:40:39Z,2022-02-22T09:40:39Z,sms
962,Tag.gis,9812,block,2022-02-22T09:40:41Z,2022-02-22T09:40:41Z,sms
963,Information,9812,block,2022-02-22T09:41:07Z,2022-02-22T09:41:07Z,sms
964,Entry@gis,9812,block,2022-02-22T09:41:57Z,2022-02-22T09:41:57Z,sms
965,GIS.only,9812,block,2022-02-22T09:42:21Z,2022-02-22T09:42:21Z,sms
966,Only.gis,9812,block,2022-02-22T09:42:38Z,2022-02-22T09:42:38Z,sms
967,Bas Eye,9060,unblock,2022-02-24T20:59:42Z,2022-02-24T20:59:42Z,sms
968,GHANA @ 65,45,unblock,2022-03-02T11:53:38Z,2022-03-02T11:53:38Z,sms
969,SGUC YOUTH,9737,unblock,2022-03-02T14:58:04Z,2022-03-02T14:58:04Z,sms
970,GOLDDUST MC,6122,unblock,2022-03-03T13:54:18Z,2022-03-03T13:54:18Z,sms
971,SGUC SEC,9737,unblock,2022-03-03T16:02:39Z,2022-03-03T16:02:39Z,sms
972,Nivea_GH,9824,unblock,2022-03-04T09:01:41Z,2022-03-04T09:01:41Z,sms
973,nivea_gh,9824,unblock,2022-03-04T09:01:58Z,2022-03-04T09:01:58Z,sms
974,KPODO PERCY,7194,unblock,2022-03-08T17:46:56Z,2022-03-08T17:46:56Z,sms
975,PERCY,7194,unblock,2022-03-08T18:15:18Z,2022-03-08T18:15:18Z,sms
976,Great Homes,9811,unblock,2022-03-11T12:37:51Z,2022-03-11T12:37:51Z,sms
977,DuKe Test,9761,unblock,2022-03-14T11:42:23Z,2022-03-14T11:42:23Z,sms
978,Txt Ghana,9829,unblock,2022-03-14T12:24:50Z,2022-03-14T12:24:50Z,sms
979,KG INSET,7222,unblock,2022-03-14T14:07:14Z,2022-03-14T14:07:14Z,sms
982,BizNetwork,9830,unblock,2022-03-17T10:44:57Z,2022-03-17T10:44:57Z,sms
983,Myles,9828,unblock,2022-03-18T08:35:21Z,2022-03-18T08:35:21Z,sms
984,ADOTraining,9832,unblock,2022-03-18T12:00:58Z,2022-03-18T12:00:58Z,sms
985,Placement,9434,unblock,2022-03-19T10:28:23Z,2022-03-19T10:28:23Z,sms
986,Take note,9434,unblock,2022-03-19T10:29:41Z,2022-03-19T10:29:41Z,sms
987,TESTING,9761,unblock,2022-03-21T13:14:17Z,2022-03-21T13:14:17Z,sms
988,MS-SERVER,9834,unblock,2022-03-21T14:47:45Z,2022-03-21T14:47:45Z,sms
989,244215189,13,unblock,2022-03-23T08:59:10Z,2022-03-23T08:59:10Z,voice
990,Collins,9831,unblock,2022-03-23T17:22:40Z,2022-03-23T17:22:40Z,sms
991,LPMASTERS,36,unblock,2022-03-24T10:36:12Z,2022-03-24T10:36:12Z,sms
992,FxTrainer,6740,unblock,2022-03-29T20:17:43Z,2022-03-29T20:17:43Z,sms
993,KANTANKA,9772,unblock,2022-03-31T13:10:51Z,2022-03-31T13:10:51Z,sms
994,Tollesoft,1,unblock,2022-04-01T05:35:59Z,2022-04-01T05:35:59Z,sms
995,Sidestores,1,unblock,2022-04-01T05:38:33Z,2022-04-01T05:38:33Z,sms
996,SideDelivr,1,unblock,2022-04-01T05:38:55Z,2022-04-01T05:38:55Z,sms
997,Safedoktor,1,unblock,2022-04-01T05:39:12Z,2022-04-01T05:39:12Z,sms
998,THEGEMHEART,8047,unblock,2022-04-02T22:35:11Z,2022-04-02T22:35:11Z,sms
999,Txt test,9828,unblock,2022-04-04T13:28:28Z,2022-04-04T13:28:28Z,sms
1000,MEN MINIS,9280,unblock,2022-04-05T08:26:18Z,2022-04-05T08:26:18Z,sms
1001,ADELSPA,5618,unblock,2022-04-05T12:02:59Z,2022-04-05T12:02:59Z,sms
1002,Gh For a,9609,unblock,2022-04-05T22:11:19Z,2022-04-05T22:11:19Z,sms
1003,Gh For God,9609,unblock,2022-04-05T22:12:22Z,2022-04-05T22:12:22Z,sms
1004,Gh For God,9609,unblock,2022-04-05T22:13:23Z,2022-04-05T22:13:23Z,sms
1005,Oriya,9863,unblock,2022-04-06T06:41:00Z,2022-04-06T06:41:00Z,sms
1006,FCOLLECTION,9864,unblock,2022-04-06T06:51:05Z,2022-04-06T06:51:05Z,sms
1007,BLUSTRUCT,5618,unblock,2022-04-06T09:54:49Z,2022-04-06T09:54:49Z,sms
1008,KASPERSKY,9866,unblock,2022-04-06T16:17:18Z,2022-04-06T16:17:18Z,sms
1009,KsTU_Admin,9491,unblock,2022-04-07T21:58:47Z,2022-04-07T21:58:47Z,sms
1010,KsTU Exams,9491,unblock,2022-04-07T22:01:04Z,2022-04-07T22:01:04Z,sms
1011,Chatterly,9383,unblock,2022-04-10T13:13:56Z,2022-04-10T13:13:56Z,email
1012,Chatterly,9383,unblock,2022-04-10T13:14:06Z,2022-04-10T13:14:06Z,sms
1013,CLIMAXBANK,9292,unblock,2022-04-11T07:11:26Z,2022-04-11T07:11:26Z,sms
1014,Tang Palace,9884,unblock,2022-04-13T09:47:30Z,2022-04-13T09:47:30Z,sms
1015,CIMAF Ghana,9819,unblock,2022-04-15T06:22:21Z,2022-04-15T06:22:21Z,sms
1016,TRAVEL&TOUR,9292,unblock,2022-04-18T15:23:23Z,2022-04-18T15:23:23Z,sms
1017,EMMKWAB ENT,9902,unblock,2022-04-21T11:32:59Z,2022-04-21T11:32:59Z,sms
1018,AgbaBoutiqu,5872,unblock,2022-04-22T07:08:02Z,2022-04-22T07:08:02Z,sms
1019,New_Request,13,unblock,2022-04-22T09:02:06Z,2022-04-22T09:02:06Z,sms
1020,Agba Butik,5872,unblock,2022-04-22T11:32:43Z,2022-04-22T11:32:43Z,sms
1021,CACI-FWC,8169,unblock,2022-04-24T08:03:48Z,2022-04-24T08:03:48Z,sms
1022,CACI-FWC TS,8169,unblock,2022-04-24T10:13:48Z,2022-04-24T10:13:48Z,sms
1023,UMLOANS,6510,unblock,2022-04-25T09:58:40Z,2022-04-25T09:58:40Z,sms
1024,STAND ADS,6390,unblock,2022-04-25T11:11:36Z,2022-04-25T11:11:36Z,sms
1025,J.K Marfo,9743,unblock,2022-04-25T18:14:26Z,2022-04-25T18:14:26Z,sms
1026,Marfo Fam.,9743,unblock,2022-04-25T18:38:10Z,2022-04-25T18:38:10Z,sms
1027,Marfo Fam.,9913,unblock,2022-04-25T19:30:30Z,2022-04-25T19:30:30Z,sms
1028,J.K Marfo,9913,unblock,2022-04-25T19:34:17Z,2022-04-25T19:34:17Z,sms
1029,FamilyDream,9914,unblock,2022-04-26T16:42:43Z,2022-04-26T16:42:43Z,sms
1030,PARTYVILLE,5618,unblock,2022-04-27T20:39:18Z,2022-04-27T20:39:18Z,sms
1031,Top Wheels,9918,unblock,2022-04-28T12:35:18Z,2022-04-28T12:35:18Z,sms
1032,NANANOM 03,8974,unblock,2022-04-29T12:30:37Z,2022-04-29T12:30:37Z,email
1033,NANA,8974,unblock,2022-04-29T12:31:03Z,2022-04-29T12:31:03Z,sms
1034,NANA,8974,unblock,2022-04-29T12:31:04Z,2022-04-29T12:31:04Z,sms
1035,NANANOM 03,8974,unblock,2022-04-29T12:43:49Z,2022-04-29T12:43:49Z,sms
1036,OSHIKII,8974,unblock,2022-04-29T12:44:19Z,2022-04-29T12:44:19Z,sms
1037,TAX GUYS,6390,unblock,2022-04-29T15:20:42Z,2022-04-29T15:20:42Z,sms
1039,Bayview,9933,unblock,2022-05-04T18:34:46Z,2022-05-04T18:34:46Z,sms
1040,PLATINE,5618,unblock,2022-05-05T19:33:15Z,2022-05-05T19:33:15Z,sms
1041,RaphalMedC,9935,unblock,2022-05-06T11:13:46Z,2022-05-06T11:13:46Z,sms
1042,TTS SRC EC,9686,unblock,2022-05-06T14:37:38Z,2022-05-06T14:37:38Z,sms
1043,CMC-LTD,36,unblock,2022-05-07T20:40:26Z,2022-05-07T20:40:26Z,sms
1044,Nissi Cath,9950,unblock,2022-05-09T08:55:52Z,2022-05-09T08:55:52Z,sms
1045,AdamsOilMan,9953,unblock,2022-05-10T09:41:26Z,2022-05-10T09:41:26Z,sms
1046,Nissi Life,9950,unblock,2022-05-11T07:36:22Z,2022-05-11T07:36:22Z,sms
1047,PCG APENKWA,9954,unblock,2022-05-11T10:44:17Z,2022-05-11T10:44:17Z,sms
1048,APENKWA PCG,9954,unblock,2022-05-11T11:16:36Z,2022-05-11T11:16:36Z,sms
1049,SPC/DVLA,9957,unblock,2022-05-12T09:01:03Z,2022-05-12T09:01:03Z,sms
1050,StTHOMASHTL,9945,unblock,2022-05-12T10:22:20Z,2022-05-12T10:22:20Z,sms
1051,ACHINA SHS,9959,unblock,2022-05-13T06:53:47Z,2022-05-13T06:53:47Z,sms
1052,DE'LISH,8510,unblock,2022-05-13T10:12:47Z,2022-05-13T10:12:47Z,sms
1053,NKAG Men,7315,unblock,2022-05-17T20:14:37Z,2022-05-17T20:14:37Z,sms
1054,Sinel Hosp,8551,unblock,2022-05-18T07:26:04Z,2022-05-18T07:26:04Z,sms
1055,VF-CASH,9383,block,2022-05-18T18:37:04Z,2022-05-18T18:37:04Z,sms
1056,AdamsOilMan,45,unblock,2022-05-19T14:11:36Z,2022-05-19T14:11:36Z,sms
1057,SABEG,5618,unblock,2022-05-19T19:16:31Z,2022-05-19T19:16:31Z,sms
1058,STC/DVLA,9957,unblock,2022-05-23T09:51:17Z,2022-05-23T09:51:17Z,sms
1059,vf-cash,9383,block,2022-05-23T19:00:08Z,2022-05-23T19:00:08Z,sms
1060,safedoktor,1,unblock,2022-05-24T05:59:58Z,2022-05-24T05:59:58Z,sms
1061,Emmanuel,9977,unblock,2022-05-24T11:48:21Z,2022-05-24T11:48:21Z,sms
1062,Bilson,9977,unblock,2022-05-24T11:49:47Z,2022-05-24T11:49:47Z,sms
1063,G-Money,9977,block,2022-05-24T12:06:13Z,2022-05-24T12:06:13Z,sms
1064,Mensah,9977,unblock,2022-05-24T12:07:57Z,2022-05-24T12:07:57Z,sms
1065,MTNGH,9977,block,2022-05-24T12:08:34Z,2022-05-24T12:08:34Z,sms
1066,M`T`N,9977,block,2022-05-24T12:08:59Z,2022-05-24T12:08:59Z,sms
1067,ND yeboah,9977,unblock,2022-05-24T12:11:31Z,2022-05-24T12:11:31Z,sms
1068,INDOMIE,45,unblock,2022-05-25T13:17:24Z,2022-05-25T13:17:24Z,sms
1069,Astolinks,45,unblock,2022-05-25T13:24:07Z,2022-05-25T13:24:07Z,sms
1070,RIOHS COD,9311,unblock,2022-05-25T16:59:40Z,2022-05-25T16:59:40Z,sms
1071,CITIGROUP,9292,unblock,2022-05-25T19:01:03Z,2022-05-25T19:01:03Z,sms
1072,CITIGROUP,9292,unblock,2022-05-26T10:40:24Z,2022-05-26T10:40:24Z,email
1073,Papiso,9383,unblock,2022-05-26T12:04:46Z,2022-05-26T12:04:46Z,sms
1074,FaithChapel,54,unblock,2022-05-30T13:25:20Z,2022-05-30T13:25:20Z,sms
1075,LIC Youth,54,unblock,2022-05-30T13:25:46Z,2022-05-30T13:25:46Z,sms
1076,LIC Men,54,unblock,2022-05-30T13:25:56Z,2022-05-30T13:25:56Z,sms
1077,LIC Royal,54,unblock,2022-05-30T13:26:07Z,2022-05-30T13:26:07Z,sms
1078,Nsein SHS,9979,unblock,2022-05-31T13:47:09Z,2022-05-31T13:47:09Z,sms
1079,JIREH TADI,9060,unblock,2022-06-01T12:57:00Z,2022-06-01T12:57:00Z,sms
1080,Train Test,10003,unblock,2022-06-03T08:28:44Z,2022-06-03T08:28:44Z,sms
1081,Train Test,10006,unblock,2022-06-03T08:28:55Z,2022-06-03T08:28:55Z,sms
1082,Train Test,10005,unblock,2022-06-03T08:29:01Z,2022-06-03T08:29:01Z,sms
1083,2.33E+11,10003,unblock,2022-06-03T10:16:01Z,2022-06-03T10:16:01Z,voice
1084,2.34E+12,10005,unblock,2022-06-03T10:16:33Z,2022-06-03T10:16:33Z,voice
1085,2.33E+11,10006,unblock,2022-06-03T10:17:40Z,2022-06-03T10:17:40Z,voice
1086,JUUDEE,5618,unblock,2022-06-04T09:58:21Z,2022-06-04T09:58:21Z,sms
1087,OFFICE  365,9834,unblock,2022-06-06T10:27:06Z,2022-06-06T10:27:06Z,sms
1088,AKM,9722,unblock,2022-06-07T07:33:06Z,2022-06-07T07:33:06Z,sms
1089,VIJE Clothg,10022,unblock,2022-06-07T10:59:25Z,2022-06-07T10:59:25Z,sms
1090,Our Clients,10008,unblock,2022-06-07T13:12:33Z,2022-06-07T13:12:33Z,sms
1091,Org Imp Bks,10008,unblock,2022-06-07T13:24:49Z,2022-06-07T13:24:49Z,sms
1092,Nyaho Med,9958,unblock,2022-06-09T10:24:28Z,2022-06-09T10:24:28Z,sms
1093,HPPYCASIONS,5618,unblock,2022-06-11T09:19:15Z,2022-06-11T09:19:15Z,sms
1094,UHAS,6221,unblock,2022-06-14T08:37:14Z,2022-06-14T08:37:14Z,sms
1095,prestige,10043,unblock,2022-06-14T10:26:32Z,2022-06-14T10:26:32Z,sms
1096,U-HAS,6221,unblock,2022-06-14T11:27:59Z,2022-06-14T11:27:59Z,sms
1097,UHAS-portal,6221,unblock,2022-06-14T11:38:17Z,2022-06-14T11:38:17Z,sms
1098,UHAS-ADM,6221,unblock,2022-06-15T07:11:00Z,2022-06-15T07:11:00Z,sms
1099,ADM-UHAS,6221,unblock,2022-06-15T07:11:35Z,2022-06-15T07:11:35Z,sms
1100,adminUHAS,6221,unblock,2022-06-15T07:20:33Z,2022-06-15T07:20:33Z,sms
1101,PCG - GWM,9905,unblock,2022-06-16T10:27:51Z,2022-06-16T10:27:51Z,sms
1102,WG-PARTNERS,50,unblock,2022-06-18T22:53:10Z,2022-06-18T22:53:10Z,sms
1103,Nanny Prime,45,unblock,2022-06-20T13:51:12Z,2022-06-20T13:51:12Z,sms
1104,Saved TMC,8581,unblock,2022-06-29T10:39:32Z,2022-06-29T10:39:32Z,sms
1105,Saved TMC,8581,unblock,2022-06-29T10:49:00Z,2022-06-29T10:49:00Z,sms
1106,CHRIST EMB.,10078,unblock,2022-06-30T13:17:59Z,2022-06-30T13:17:59Z,sms
1107,YANIVSCH,9722,unblock,2022-07-01T10:00:33Z,2022-07-01T10:00:33Z,sms
1108,Piano Bar,10082,unblock,2022-07-01T13:54:26Z,2022-07-01T13:54:26Z,sms
1109,APOSA UBIDS,7710,unblock,2022-07-05T09:49:13Z,2022-07-05T09:49:13Z,sms
1110,CPS,9722,unblock,2022-07-06T07:46:57Z,2022-07-06T07:46:57Z,sms
1111,CPS AKUMONO,9722,unblock,2022-07-06T07:50:18Z,2022-07-06T07:50:18Z,sms
1112,MERCYLOVE,9722,unblock,2022-07-06T07:51:25Z,2022-07-06T07:51:25Z,sms
1113,CPS SAK,9722,unblock,2022-07-06T08:05:03Z,2022-07-06T08:05:03Z,sms
1114,Alisa Tema,9287,unblock,2022-07-06T12:37:49Z,2022-07-06T12:37:49Z,sms
1115,HSTV,10096,unblock,2022-07-07T08:41:15Z,2022-07-07T08:41:15Z,sms
1116,AMBV,10096,unblock,2022-07-07T09:23:04Z,2022-07-07T09:23:04Z,sms
1117,Nestle_GH,26,unblock,2022-07-07T10:56:45Z,2022-07-07T10:56:45Z,sms
1118,txtconnect,10098,unblock,2022-07-07T13:45:34Z,2022-07-07T13:45:34Z,sms
1119,Dual B,9749,unblock,2022-07-07T15:21:05Z,2022-07-07T15:21:05Z,sms
1120,AIMVEST,10098,unblock,2022-07-08T04:00:41Z,2022-07-08T04:00:41Z,sms
1121,BE Project,10101,unblock,2022-07-08T07:48:21Z,2022-07-08T07:48:21Z,sms
1122,2.33E+11,10101,unblock,2022-07-08T09:35:07Z,2022-07-08T09:35:07Z,voice
1123,LEAK-GAMES,10105,unblock,2022-07-08T10:04:28Z,2022-07-08T10:04:28Z,sms
1124,THE LOTTERY,10105,unblock,2022-07-08T10:04:50Z,2022-07-08T10:04:50Z,sms
1125,NLA-REG,10105,block,2022-07-08T10:08:32Z,2022-07-08T10:08:32Z,sms
1126,5/90NLA,10105,block,2022-07-08T10:10:20Z,2022-07-08T10:10:20Z,sms
1127,REG-NLA,10105,block,2022-07-08T10:10:47Z,2022-07-08T10:10:47Z,sms
1128,NLA_5/90,10106,block,2022-07-08T10:13:04Z,2022-07-08T10:13:04Z,sms
1129,LEAK-GAMES,10106,unblock,2022-07-08T10:15:04Z,2022-07-08T10:15:04Z,sms
1130,REG_NLA,10106,unblock,2022-07-08T10:15:23Z,2022-07-08T10:15:23Z,sms
1131,THE LOTTERY,10106,unblock,2022-07-08T10:17:41Z,2022-07-08T10:17:41Z,sms
1132,552572082,10101,unblock,2022-07-08T10:29:21Z,2022-07-08T10:29:21Z,voice
1133,LEAK-GAMES,10107,unblock,2022-07-08T11:14:12Z,2022-07-08T11:14:12Z,sms
1134,LEAK-GAMES,10107,unblock,2022-07-08T11:14:14Z,2022-07-08T11:14:14Z,sms
1135,THE LOTTERY,10107,unblock,2022-07-08T11:14:33Z,2022-07-08T11:14:33Z,sms
1136,HANNACALL22,10101,unblock,2022-07-09T08:28:50Z,2022-07-09T08:28:50Z,sms
1137,WISPLUX,5618,unblock,2022-07-12T18:44:36Z,2022-07-12T18:44:36Z,sms
1138,GLAMCO,5618,unblock,2022-07-12T18:48:05Z,2022-07-12T18:48:05Z,sms
1139,MAERSKLINE,9292,unblock,2022-07-12T18:49:55Z,2022-07-12T18:49:55Z,email
1140,OCSCLINE,9292,unblock,2022-07-12T18:50:42Z,2022-07-12T18:50:42Z,email
1141,CLIMAXLINE,9292,unblock,2022-07-13T09:32:16Z,2022-07-13T09:32:16Z,email
1142,Landmark,10119,unblock,2022-07-13T14:13:20Z,2022-07-13T14:13:20Z,sms
1143,CBG ExcIITe,9828,unblock,2022-07-14T10:38:11Z,2022-07-14T10:38:11Z,sms
1144,MEDIBOX,9751,unblock,2022-07-15T15:06:06Z,2022-07-15T15:06:06Z,sms
1145,RRC A/G,8258,unblock,2022-07-17T06:51:33Z,2022-07-17T06:51:33Z,sms
1146,Restorers,8258,unblock,2022-07-17T06:54:21Z,2022-07-17T06:54:21Z,sms
1147,Restorers,8258,unblock,2022-07-17T06:54:21Z,2022-07-17T06:54:21Z,sms
1148,PGC SYL,9737,unblock,2022-07-17T16:42:49Z,2022-07-17T16:42:49Z,sms
1149,AA SM Cath,10138,unblock,2022-07-19T10:46:57Z,2022-07-19T10:46:57Z,sms
1150,Rev.Richard,10138,unblock,2022-07-19T10:49:16Z,2022-07-19T10:49:16Z,sms
1151,LEAK-GAMES,10107,unblock,2022-07-21T14:20:42Z,2022-07-21T14:20:42Z,sms
1152,LEAK-GAMES,10107,unblock,2022-07-21T14:20:42Z,2022-07-21T14:20:42Z,sms
1153,RG HATCHER,9761,unblock,2022-07-21T15:43:06Z,2022-07-21T15:43:06Z,sms
1154,RG HATCHER,45,unblock,2022-07-21T16:15:29Z,2022-07-21T16:15:29Z,sms
1155,JF '22,50,unblock,2022-08-06T09:23:25Z,2022-08-06T09:23:25Z,sms
1156,CASU,10173,unblock,2022-08-08T10:12:06Z,2022-08-08T10:12:06Z,sms
1157,FK COM HOSP,10178,unblock,2022-08-08T14:00:36Z,2022-08-08T14:00:36Z,sms
1158,G C B,10182,block,2022-08-10T05:54:51Z,2022-08-10T05:54:51Z,sms
1159,Samsung GH,13,unblock,2022-08-10T08:23:32Z,2022-08-10T08:23:32Z,sms
1160,572683529,7419,unblock,2022-08-14T19:13:33Z,2022-08-14T19:13:33Z,sms
1161,SanteKay,7419,unblock,2022-08-14T19:14:01Z,2022-08-14T19:14:01Z,sms
1162,KWAME,9832,unblock,2022-08-15T07:24:52Z,2022-08-15T07:24:52Z,sms
1163,TMS_TEST,10195,unblock,2022-08-17T01:09:22Z,2022-08-17T01:09:22Z,sms
1164,TMS_SMS,10195,unblock,2022-08-17T04:21:16Z,2022-08-17T04:21:16Z,sms
1165,243943186,6387,unblock,2022-08-17T09:07:51Z,2022-08-17T09:07:51Z,voice
1166,Alan 4 Prez,9828,unblock,2022-08-17T10:19:14Z,2022-08-17T10:19:14Z,sms
1167,AuroraGhana,10087,unblock,2022-08-18T10:59:10Z,2022-08-18T10:59:10Z,sms
1168,Aurora GH,10087,unblock,2022-08-18T11:13:45Z,2022-08-18T11:13:45Z,sms
1169,MPNR,10098,unblock,2022-08-22T09:58:37Z,2022-08-22T09:58:37Z,sms
1170,KNUST,9491,unblock,2022-08-22T11:04:46Z,2022-08-22T11:04:46Z,sms
1171,NCF 2022,10220,unblock,2022-08-23T10:52:14Z,2022-08-23T10:52:14Z,sms
1172,Opp Int'l,9828,unblock,2022-08-25T12:41:39Z,2022-08-25T12:41:39Z,sms
1173,Cachie,6206,unblock,2022-08-30T14:10:30Z,2022-08-30T14:10:30Z,sms
1174,John_Tetteh,10089,unblock,2022-08-30T14:57:56Z,2022-08-30T14:57:56Z,sms
1175,Kordiabe,10089,unblock,2022-08-30T15:09:34Z,2022-08-30T15:09:34Z,sms
1176,UOB GROUP,9292,unblock,2022-09-01T17:21:01Z,2022-09-01T17:21:01Z,email
1177,UOBGROUP,9292,unblock,2022-09-02T04:15:42Z,2022-09-02T04:15:42Z,sms
1178,HCD,10247,unblock,2022-09-02T15:35:45Z,2022-09-02T15:35:45Z,sms
1179,NYAME DOME,9434,unblock,2022-09-05T19:04:41Z,2022-09-05T19:04:41Z,sms
1180,HD+,10098,unblock,2022-09-06T04:04:50Z,2022-09-06T04:04:50Z,sms
1181,HP Plus,10098,unblock,2022-09-06T08:20:45Z,2022-09-06T08:20:45Z,sms
1182,Test,10098,unblock,2022-09-06T08:27:17Z,2022-09-06T08:27:17Z,sms
1183,HD_Plus,10098,unblock,2022-09-06T08:30:27Z,2022-09-06T08:30:27Z,sms
1184,HD +,10098,unblock,2022-09-06T08:31:23Z,2022-09-06T08:31:23Z,sms
1185,HD_+,10098,unblock,2022-09-06T08:32:44Z,2022-09-06T08:32:44Z,sms
1186,OIMSCH,9722,unblock,2022-09-06T14:31:40Z,2022-09-06T14:31:40Z,sms
1187,Test,9980,unblock,2022-09-07T08:28:06Z,2022-09-07T08:28:06Z,sms
1188,Dr Kathryn,10246,unblock,2022-09-07T09:31:15Z,2022-09-07T09:31:15Z,sms
1189,MYBET,10096,block,2022-09-08T11:15:49Z,2022-09-08T11:15:49Z,sms
1190,MyBet,10096,block,2022-09-08T11:18:49Z,2022-09-08T11:18:49Z,sms
1191,mybetafrica,10096,unblock,2022-09-09T08:03:43Z,2022-09-09T08:03:43Z,sms
1192,M&C GROUP,10261,unblock,2022-09-09T12:03:01Z,2022-09-09T12:03:01Z,sms
1193,MGL GHANA,10261,unblock,2022-09-09T12:35:49Z,2022-09-09T12:35:49Z,sms
1194,SELA4YOUTH,8260,unblock,2022-09-11T16:41:03Z,2022-09-11T16:41:03Z,sms
1195,541100240,8260,unblock,2022-09-14T07:38:32Z,2022-09-14T07:38:32Z,voice
1196,541100240,8260,block,2022-09-14T09:08:19Z,2022-09-14T09:08:19Z,voice
1197,BRIGHTERMON,9722,unblock,2022-09-16T14:43:59Z,2022-09-16T14:43:59Z,sms
1198,2020,9434,unblock,2022-09-18T02:41:53Z,2022-09-18T02:41:53Z,voice
1199,10112020,9434,unblock,2022-09-18T02:50:20Z,2022-09-18T02:50:20Z,voice
1200,FITCSALUMNI,8920,unblock,2022-09-18T14:41:36Z,2022-09-18T14:41:36Z,sms
1201,FITCSALUMNI,8920,unblock,2022-09-18T14:42:33Z,2022-09-18T14:42:33Z,email
1202,@Moh,6206,unblock,2022-09-19T14:20:10Z,2022-09-19T14:20:10Z,sms
1203,MISA,9751,unblock,2022-09-20T02:44:42Z,2022-09-20T02:44:42Z,sms
1204,EXAMS_SYS,9491,unblock,2022-09-20T08:29:15Z,2022-09-20T08:29:15Z,sms
1205,DAYSPRING,9722,unblock,2022-09-20T09:41:45Z,2022-09-20T09:41:45Z,sms
1206,GOLDHUB GH,10261,unblock,2022-09-21T10:24:05Z,2022-09-21T10:24:05Z,sms
1207,KSM,9722,unblock,2022-09-21T12:17:07Z,2022-09-21T12:17:07Z,sms
1208,KsTU TRANS,9491,unblock,2022-09-22T17:38:01Z,2022-09-22T17:38:01Z,sms
1209,ICGCTRINITY,5618,unblock,2022-09-25T05:50:58Z,2022-09-25T05:50:58Z,sms
1210,John Benang,8258,unblock,2022-09-30T10:53:54Z,2022-09-30T10:53:54Z,sms
1211,Ps Benang,8258,unblock,2022-10-01T05:56:04Z,2022-10-01T05:56:04Z,sms
1212,Factura SMS,10298,unblock,2022-10-01T10:46:11Z,2022-10-01T10:46:11Z,sms
1213,Factura_SMS,10298,unblock,2022-10-01T18:25:40Z,2022-10-01T18:25:40Z,sms
1214,Net_Systems,10298,unblock,2022-10-01T18:29:55Z,2022-10-01T18:29:55Z,sms
1215,242245128,8260,block,2022-10-05T10:56:04Z,2022-10-05T10:56:04Z,voice
1216,TDHC ENG MP,10302,unblock,2022-10-05T11:52:49Z,2022-10-05T11:52:49Z,sms
1217,KPORVI4YOU,8260,unblock,2022-10-05T12:06:38Z,2022-10-05T12:06:38Z,sms
1218,242245128,8260,block,2022-10-05T12:07:08Z,2022-10-05T12:07:08Z,voice
1219,PRETTYDICTA,6390,unblock,2022-10-05T12:09:26Z,2022-10-05T12:09:26Z,sms
1220,TXT Ghana,26,unblock,2022-10-05T13:51:08Z,2022-10-05T13:51:08Z,sms
1221,"Alisa, Tema",10093,unblock,2022-10-07T11:27:00Z,2022-10-07T11:27:00Z,sms
1222,Mybetafrica,26,unblock,2022-10-07T11:33:34Z,2022-10-07T11:33:34Z,sms
1223,9999,9338,block,2022-10-08T16:16:43Z,2022-10-08T16:16:43Z,voice
1224,UniMAC-IL,10305,unblock,2022-10-10T13:18:02Z,2022-10-10T13:18:02Z,sms
1225,TWELLIUM,8974,unblock,2022-10-11T05:27:52Z,2022-10-11T05:27:52Z,sms
1226,GCB ACCRA,5623,unblock,2022-10-11T10:24:30Z,2022-10-11T10:24:30Z,sms
1227,GCB Accra,5623,unblock,2022-10-11T10:25:40Z,2022-10-11T10:25:40Z,sms
1228,MoSogbe,9845,unblock,2022-10-13T07:27:10Z,2022-10-13T07:27:10Z,sms
1229,mosogbe,10324,unblock,2022-10-14T12:02:47Z,2022-10-14T12:02:47Z,sms
1230,EPHRAIM,8260,unblock,2022-10-18T13:48:57Z,2022-10-18T13:48:57Z,sms
1231,I&C Cargo,10323,unblock,2022-10-19T12:37:34Z,2022-10-19T12:37:34Z,sms
1232,GSICST,9722,unblock,2022-10-20T10:25:51Z,2022-10-20T10:25:51Z,sms
1233,NIKUZ,8260,unblock,2022-10-24T04:29:20Z,2022-10-24T04:29:20Z,sms
1234,GLAVI,8260,unblock,2022-10-24T05:40:13Z,2022-10-24T05:40:13Z,sms
1235,GLAVI,8260,unblock,2022-10-24T05:40:15Z,2022-10-24T05:40:15Z,sms
1236,ASH. ZYM,6214,unblock,2022-10-24T07:49:35Z,2022-10-24T07:49:35Z,sms
1237,Res. Pastor,8303,unblock,2022-10-24T14:08:44Z,2022-10-24T14:08:44Z,sms
1238,Winners,8303,unblock,2022-10-24T14:47:00Z,2022-10-24T14:47:00Z,sms
1239,WCISAKUMONO,8303,unblock,2022-10-25T09:08:17Z,2022-10-25T09:08:17Z,sms
1240,AFRIMASS,45,unblock,2022-10-26T10:32:54Z,2022-10-26T10:32:54Z,sms
1241,NAFDUG,9311,unblock,2022-10-26T18:17:25Z,2022-10-26T18:17:25Z,sms
1242,Film Stars,8581,unblock,2022-10-27T14:32:17Z,2022-10-27T14:32:17Z,sms
1243,AFRIMASS,10344,unblock,2022-10-27T17:20:56Z,2022-10-27T17:20:56Z,sms
1244,2.34E+11,10344,unblock,2022-10-27T20:40:32Z,2022-10-27T20:40:32Z,voice
1245,REMINDER,9773,unblock,2022-10-28T06:15:50Z,2022-10-28T06:15:50Z,sms
1246,GIRLSVENDOR,10359,unblock,2022-11-03T11:53:25Z,2022-11-03T11:53:25Z,sms
1247,STYLECAVEGH,10361,unblock,2022-11-03T13:12:46Z,2022-11-03T13:12:46Z,sms
1248,loves,10359,unblock,2022-11-03T13:39:14Z,2022-11-03T13:39:14Z,sms
1249,CocoaDinner,5649,unblock,2022-11-04T10:29:33Z,2022-11-04T10:29:33Z,sms
1250,CocoaPost,5649,unblock,2022-11-04T11:03:46Z,2022-11-04T11:03:46Z,sms
1251,KOOKMIN,9292,unblock,2022-11-04T17:51:45Z,2022-11-04T17:51:45Z,sms
1252,KOOKMIN,9292,unblock,2022-11-05T00:11:21Z,2022-11-05T00:11:21Z,email
1253,AHAFO NDC,9422,unblock,2022-11-05T12:22:50Z,2022-11-05T12:22:50Z,sms
1254,NDC MTK GAR,9686,unblock,2022-11-07T10:24:02Z,2022-11-07T10:24:02Z,sms
1255,THE LOTTERY,10375,unblock,2022-11-10T13:29:44Z,2022-11-10T13:29:44Z,sms
1256,THE LOTTERY,10375,unblock,2022-11-10T13:29:46Z,2022-11-10T13:29:46Z,sms
1257,☎️GAMES,10375,unblock,2022-11-10T13:31:55Z,2022-11-10T13:31:55Z,sms
1258,LEAK GAMES,10375,unblock,2022-11-10T13:32:53Z,2022-11-10T13:32:53Z,sms
1259,testme,10301,unblock,2022-11-15T11:58:59Z,2022-11-15T11:58:59Z,sms
1260,test,10343,unblock,2022-11-16T10:04:33Z,2022-11-16T10:04:33Z,sms
1261,Test 1,10343,unblock,2022-11-16T10:28:22Z,2022-11-16T10:28:22Z,sms
1262,Test 2,10343,unblock,2022-11-16T10:30:34Z,2022-11-16T10:30:34Z,sms
1263,Abel_001,10343,unblock,2022-11-16T10:58:09Z,2022-11-16T10:58:09Z,sms
1264,Abel Acquah,10343,unblock,2022-11-16T11:11:18Z,2022-11-16T11:11:18Z,sms
1265,Abel GGSSA,10343,unblock,2022-11-16T11:20:51Z,2022-11-16T11:20:51Z,sms
1266,Abel Mensah,10343,unblock,2022-11-16T11:32:25Z,2022-11-16T11:32:25Z,sms
1267,DTechMall,10389,unblock,2022-11-17T12:36:12Z,2022-11-17T12:36:12Z,sms
1268,Philo,9338,unblock,2022-11-22T09:34:40Z,2022-11-22T09:34:40Z,sms
1269,Afreh,10391,block,2022-11-22T10:25:18Z,2022-11-22T10:25:18Z,sms
1270,555488305,10391,block,2022-11-22T10:39:51Z,2022-11-22T10:39:51Z,voice
1271,John@gmail.com,10391,block,2022-11-23T12:46:45Z,2022-11-23T12:46:45Z,email
1272,DB AG MAIN,9292,unblock,2022-11-23T15:27:59Z,2022-11-23T15:27:59Z,email
1273,Deutsche Bank,9292,unblock,2022-11-23T16:42:21Z,2022-11-23T16:42:21Z,email
1274,DEUTSCHE BANK AG,9292,unblock,2022-11-24T07:38:01Z,2022-11-24T07:38:01Z,email
1275,DB A.G Main,9292,unblock,2022-11-24T10:27:47Z,2022-11-24T10:27:47Z,sms
1276,AT&T,10414,unblock,2022-11-26T23:56:10Z,2022-11-26T23:56:10Z,email
1277,Barclays Bank Plc,9292,unblock,2022-11-27T00:38:11Z,2022-11-27T00:38:11Z,email
1278,LESDAC,10401,unblock,2022-11-27T14:14:48Z,2022-11-27T14:14:48Z,sms
1279,lesdac,10401,unblock,2022-11-27T14:27:52Z,2022-11-27T14:27:52Z,sms
1280,lesdacgh,10401,unblock,2022-11-28T12:10:31Z,2022-11-28T12:10:31Z,sms
1281,LESDEC_GH,13,unblock,2022-11-28T12:11:46Z,2022-11-28T12:11:46Z,sms
1282,LESDEC,13,unblock,2022-11-28T12:12:00Z,2022-11-28T12:12:00Z,sms
1283,LES,13,unblock,2022-11-28T12:12:09Z,2022-11-28T12:12:09Z,sms
1284,LESDAC,13,unblock,2022-11-28T12:13:55Z,2022-11-28T12:13:55Z,sms
1285,MACU,9509,unblock,2022-11-28T14:32:08Z,2022-11-28T14:32:08Z,sms
1286,LEAK GAMES,10422,unblock,2022-12-01T08:41:48Z,2022-12-01T08:41:48Z,sms
1287,THE LOTTERY,10422,unblock,2022-12-01T08:42:03Z,2022-12-01T08:42:03Z,sms
1288,GH Games,10422,unblock,2022-12-01T08:43:22Z,2022-12-01T08:43:22Z,sms
1289,WINS,10422,unblock,2022-12-01T08:54:21Z,2022-12-01T08:54:21Z,sms
1290,LEAK GAMES,10422,unblock,2022-12-01T08:54:55Z,2022-12-01T08:54:55Z,sms
1291,LINAFABRICS,5618,unblock,2022-12-01T21:33:54Z,2022-12-01T21:33:54Z,sms
1292,A2RFREIGHT,5618,unblock,2022-12-05T08:15:02Z,2022-12-05T08:15:02Z,sms
1293,IMF/ AML,9509,unblock,2022-12-06T00:40:28Z,2022-12-06T00:40:28Z,sms
1294,MoMo App,26,unblock,2022-12-06T10:55:17Z,2022-12-06T10:55:17Z,sms
1295,Katawodieso,10423,unblock,2022-12-07T08:44:29Z,2022-12-07T08:44:29Z,sms
1296,JAMROCK,10391,unblock,2022-12-07T11:55:29Z,2022-12-07T11:55:29Z,sms
1297,Awe Nyami,10425,block,2022-12-08T11:58:22Z,2022-12-08T11:58:22Z,sms
1298,Awen Yami,10425,unblock,2022-12-08T12:28:01Z,2022-12-08T12:28:01Z,sms
1299,BMUSOMRXXX,9292,unblock,2022-12-09T07:52:26Z,2022-12-09T07:52:26Z,sms
1300,BARCLAYS,9292,unblock,2022-12-09T08:07:43Z,2022-12-09T08:07:43Z,sms
1301,OCEAN FARE,10096,unblock,2022-12-13T12:10:16Z,2022-12-13T12:10:16Z,sms
1302,RCI-ACP,10443,unblock,2022-12-15T08:31:22Z,2022-12-15T08:31:22Z,sms
1303,Matthew Stevens,9292,unblock,2022-12-18T15:13:25Z,2022-12-18T15:13:25Z,email
1304,SEVOPOLL,10453,unblock,2022-12-19T11:22:32Z,2022-12-19T11:22:32Z,sms
1305,GPHA EYE,9060,unblock,2022-12-20T09:45:03Z,2022-12-20T09:45:03Z,sms
1306,SHAPEHEALTH,10459,unblock,2022-12-21T11:45:07Z,2022-12-21T11:45:07Z,sms
1307,SHAPE HMC,10459,unblock,2022-12-21T11:51:33Z,2022-12-21T11:51:33Z,sms
1308,IMGStudios,9761,unblock,2022-12-21T12:38:36Z,2022-12-21T12:38:36Z,sms
1309,AFRIPLAY,10460,unblock,2022-12-21T12:41:57Z,2022-12-21T12:41:57Z,sms
1310,IMGStudios,10098,unblock,2022-12-21T20:20:56Z,2022-12-21T20:20:56Z,sms
1311,GHG COMPANY,10261,unblock,2022-12-23T12:12:43Z,2022-12-23T12:12:43Z,sms
1312,MGL SUPPLY,10261,unblock,2022-12-23T12:24:45Z,2022-12-23T12:24:45Z,sms
1313,AwenYamMemo,10425,pending,2022-12-24T20:42:40Z,2022-12-24T20:42:40Z,sms
1314,Memo,10425,unblock,2022-12-24T21:00:17Z,2022-12-24T21:00:17Z,sms
1315,RoyalHouse,10443,block,2022-12-25T05:03:04Z,2022-12-25T05:03:04Z,sms
1316,ROYALHOUSE,10443,unblock,2022-12-25T05:38:59Z,2022-12-25T05:38:59Z,sms
1317,Potters B,10470,unblock,2022-12-26T03:57:42Z,2022-12-26T03:57:42Z,sms
1318,Socialtym,8415,unblock,2022-12-29T20:30:48Z,2022-12-29T20:30:48Z,sms
1319,Hotproperty,7393,unblock,2022-12-29T20:49:28Z,2022-12-29T20:49:28Z,sms
1320,Markketime,7393,unblock,2022-12-29T20:55:09Z,2022-12-29T20:55:09Z,sms
1321,HomiTV,10477,unblock,2022-12-30T10:28:48Z,2022-12-30T10:28:48Z,sms
1322,ALEX-Prefos,10481,unblock,2022-12-31T18:11:34Z,2022-12-31T18:11:34Z,sms
1323,GNA MGT,7284,pending,2023-01-01T17:51:24Z,2023-01-01T17:51:24Z,sms
